[2026-02-23 09:14:11] production.ERROR: The C:\Users\amaya\OneDrive\Documentos\ferreteria-abrinal-web\v2-laravel\bootstrap\cache directory must be present and writable. {"exception":"[object] (Exception(code: 0): The C:\\Users\\amaya\\OneDrive\\Documentos\\ferreteria-abrinal-web\\v2-laravel\\bootstrap\\cache directory must be present and writable. at C:/Users/amaya/OneDrive/Documentos/ferreteria-abrinal-web/v2-laravel/vendor/laravel/framework/src/Illuminate/Foundation/PackageManifest.php:179)
[stacktrace]
#0 C:/Users/amaya/OneDrive/Documentos/ferreteria-abrinal-web/v2-laravel/vendor/laravel/framework/src/Illuminate/Foundation/PackageManifest.php(132): Illuminate/Foundation/PackageManifest->write()
#1 C:/Users/amaya/OneDrive/Documentos/ferreteria-abrinal-web/v2-laravel/vendor/laravel/framework/src/Illuminate/Foundation/PackageManifest.php(108): Illuminate/Foundation/PackageManifest->build()
#2 C:/Users/amaya/OneDrive/Documentos/ferreteria-abrinal-web/v2-laravel/vendor/laravel/framework/src/Illuminate/Foundation/PackageManifest.php(90): Illuminate/Foundation/PackageManifest->getManifest()
#3 C:/Users/amaya/OneDrive/Documentos/ferreteria-abrinal-web/v2-laravel/vendor/laravel/framework/src/Illuminate/Foundation/PackageManifest.php(79): Illuminate/Foundation/PackageManifest->config()
#4 C:/Users/amaya/OneDrive/Documentos/ferreteria-abrinal-web/v2-laravel/vendor/laravel/framework/src/Illuminate/Foundation/Bootstrap/RegisterFacades.php(26): Illuminate/Foundation/PackageManifest->aliases()
#5 C:/Users/amaya/OneDrive/Documentos/ferreteria-abrinal-web/v2-laravel/vendor/laravel/framework/src/Illuminate/Foundation/Application.php(342): Illuminate/Foundation/Bootstrap/RegisterFacades->bootstrap()
#6 C:/Users/amaya/OneDrive/Documentos/ferreteria-abrinal-web/v2-laravel/vendor/laravel/framework/src/Illuminate/Foundation/Console/Kernel.php(494): Illuminate/Foundation/Application->bootstrapWith()
#7 C:/Users/amaya/OneDrive/Documentos/ferreteria-abrinal-web/v2-laravel/vendor/laravel/framework/src/Illuminate/Foundation/Console/Kernel.php(196): Illuminate/Foundation/Console/Kernel->bootstrap()
#8 C:/Users/amaya/OneDrive/Documentos/ferreteria-abrinal-web/v2-laravel/vendor/laravel/framework/src/Illuminate/Foundation/Application.php(1235): Illuminate/Foundation/Console/Kernel->handle()
#9 C:/Users/amaya/OneDrive/Documentos/ferreteria-abrinal-web/v2-laravel/artisan(12): Illuminate/Foundation/Application->handleCommand()
#10 {main}
"} 
[2026-02-23 09:14:31] production.ERROR: The C:\Users\amaya\OneDrive\Documentos\ferreteria-abrinal-web\v2-laravel\bootstrap\cache directory must be present and writable. {"exception":"[object] (Exception(code: 0): The C:\\Users\\amaya\\OneDrive\\Documentos\\ferreteria-abrinal-web\\v2-laravel\\bootstrap\\cache directory must be present and writable. at C:/Users/amaya/OneDrive/Documentos/ferreteria-abrinal-web/v2-laravel/vendor/laravel/framework/src/Illuminate/Foundation/PackageManifest.php:179)
[stacktrace]
#0 C:/Users/amaya/OneDrive/Documentos/ferreteria-abrinal-web/v2-laravel/vendor/laravel/framework/src/Illuminate/Foundation/PackageManifest.php(132): Illuminate/Foundation/PackageManifest->write()
#1 C:/Users/amaya/OneDrive/Documentos/ferreteria-abrinal-web/v2-laravel/vendor/laravel/framework/src/Illuminate/Foundation/PackageManifest.php(108): Illuminate/Foundation/PackageManifest->build()
#2 C:/Users/amaya/OneDrive/Documentos/ferreteria-abrinal-web/v2-laravel/vendor/laravel/framework/src/Illuminate/Foundation/PackageManifest.php(90): Illuminate/Foundation/PackageManifest->getManifest()
#3 C:/Users/amaya/OneDrive/Documentos/ferreteria-abrinal-web/v2-laravel/vendor/laravel/framework/src/Illuminate/Foundation/PackageManifest.php(79): Illuminate/Foundation/PackageManifest->config()
#4 C:/Users/amaya/OneDrive/Documentos/ferreteria-abrinal-web/v2-laravel/vendor/laravel/framework/src/Illuminate/Foundation/Bootstrap/RegisterFacades.php(26): Illuminate/Foundation/PackageManifest->aliases()
#5 C:/Users/amaya/OneDrive/Documentos/ferreteria-abrinal-web/v2-laravel/vendor/laravel/framework/src/Illuminate/Foundation/Application.php(342): Illuminate/Foundation/Bootstrap/RegisterFacades->bootstrap()
#6 C:/Users/amaya/OneDrive/Documentos/ferreteria-abrinal-web/v2-laravel/vendor/laravel/framework/src/Illuminate/Foundation/Console/Kernel.php(494): Illuminate/Foundation/Application->bootstrapWith()
#7 C:/Users/amaya/OneDrive/Documentos/ferreteria-abrinal-web/v2-laravel/vendor/laravel/framework/src/Illuminate/Foundation/Console/Kernel.php(196): Illuminate/Foundation/Console/Kernel->bootstrap()
#8 C:/Users/amaya/OneDrive/Documentos/ferreteria-abrinal-web/v2-laravel/vendor/laravel/framework/src/Illuminate/Foundation/Application.php(1235): Illuminate/Foundation/Console/Kernel->handle()
#9 C:/Users/amaya/OneDrive/Documentos/ferreteria-abrinal-web/v2-laravel/artisan(12): Illuminate/Foundation/Application->handleCommand()
#10 {main}
"} 
[2026-02-23 09:16:17] production.ERROR: The C:\Users\amaya\OneDrive\Documentos\ferreteria-abrinal-web\v2-laravel\bootstrap\cache directory must be present and writable. {"exception":"[object] (Exception(code: 0): The C:\\Users\\amaya\\OneDrive\\Documentos\\ferreteria-abrinal-web\\v2-laravel\\bootstrap\\cache directory must be present and writable. at C:/Users/amaya/OneDrive/Documentos/ferreteria-abrinal-web/v2-laravel/vendor/laravel/framework/src/Illuminate/Foundation/PackageManifest.php:179)
[stacktrace]
#0 C:/Users/amaya/OneDrive/Documentos/ferreteria-abrinal-web/v2-laravel/vendor/laravel/framework/src/Illuminate/Foundation/PackageManifest.php(132): Illuminate/Foundation/PackageManifest->write()
#1 C:/Users/amaya/OneDrive/Documentos/ferreteria-abrinal-web/v2-laravel/vendor/laravel/framework/src/Illuminate/Foundation/PackageManifest.php(108): Illuminate/Foundation/PackageManifest->build()
#2 C:/Users/amaya/OneDrive/Documentos/ferreteria-abrinal-web/v2-laravel/vendor/laravel/framework/src/Illuminate/Foundation/PackageManifest.php(90): Illuminate/Foundation/PackageManifest->getManifest()
#3 C:/Users/amaya/OneDrive/Documentos/ferreteria-abrinal-web/v2-laravel/vendor/laravel/framework/src/Illuminate/Foundation/PackageManifest.php(79): Illuminate/Foundation/PackageManifest->config()
#4 C:/Users/amaya/OneDrive/Documentos/ferreteria-abrinal-web/v2-laravel/vendor/laravel/framework/src/Illuminate/Foundation/Bootstrap/RegisterFacades.php(26): Illuminate/Foundation/PackageManifest->aliases()
#5 C:/Users/amaya/OneDrive/Documentos/ferreteria-abrinal-web/v2-laravel/vendor/laravel/framework/src/Illuminate/Foundation/Application.php(342): Illuminate/Foundation/Bootstrap/RegisterFacades->bootstrap()
#6 C:/Users/amaya/OneDrive/Documentos/ferreteria-abrinal-web/v2-laravel/vendor/laravel/framework/src/Illuminate/Foundation/Console/Kernel.php(494): Illuminate/Foundation/Application->bootstrapWith()
#7 C:/Users/amaya/OneDrive/Documentos/ferreteria-abrinal-web/v2-laravel/vendor/laravel/framework/src/Illuminate/Foundation/Console/Kernel.php(196): Illuminate/Foundation/Console/Kernel->bootstrap()
#8 C:/Users/amaya/OneDrive/Documentos/ferreteria-abrinal-web/v2-laravel/vendor/laravel/framework/src/Illuminate/Foundation/Application.php(1235): Illuminate/Foundation/Console/Kernel->handle()
#9 C:/Users/amaya/OneDrive/Documentos/ferreteria-abrinal-web/v2-laravel/artisan(12): Illuminate/Foundation/Application->handleCommand()
#10 {main}
"} 
[2026-02-23 09:16:48] local.ERROR: The C:\Users\amaya\OneDrive\Documentos\ferreteria-abrinal-web\v2-laravel\bootstrap\cache directory must be present and writable. {"exception":"[object] (Exception(code: 0): The C:\\Users\\amaya\\OneDrive\\Documentos\\ferreteria-abrinal-web\\v2-laravel\\bootstrap\\cache directory must be present and writable. at C:/Users/amaya/OneDrive/Documentos/ferreteria-abrinal-web/v2-laravel/vendor/laravel/framework/src/Illuminate/Foundation/PackageManifest.php:179)
[stacktrace]
#0 C:/Users/amaya/OneDrive/Documentos/ferreteria-abrinal-web/v2-laravel/vendor/laravel/framework/src/Illuminate/Foundation/PackageManifest.php(132): Illuminate/Foundation/PackageManifest->write()
#1 C:/Users/amaya/OneDrive/Documentos/ferreteria-abrinal-web/v2-laravel/vendor/laravel/framework/src/Illuminate/Foundation/PackageManifest.php(108): Illuminate/Foundation/PackageManifest->build()
#2 C:/Users/amaya/OneDrive/Documentos/ferreteria-abrinal-web/v2-laravel/vendor/laravel/framework/src/Illuminate/Foundation/PackageManifest.php(90): Illuminate/Foundation/PackageManifest->getManifest()
#3 C:/Users/amaya/OneDrive/Documentos/ferreteria-abrinal-web/v2-laravel/vendor/laravel/framework/src/Illuminate/Foundation/PackageManifest.php(79): Illuminate/Foundation/PackageManifest->config()
#4 C:/Users/amaya/OneDrive/Documentos/ferreteria-abrinal-web/v2-laravel/vendor/laravel/framework/src/Illuminate/Foundation/Bootstrap/RegisterFacades.php(26): Illuminate/Foundation/PackageManifest->aliases()
#5 C:/Users/amaya/OneDrive/Documentos/ferreteria-abrinal-web/v2-laravel/vendor/laravel/framework/src/Illuminate/Foundation/Application.php(342): Illuminate/Foundation/Bootstrap/RegisterFacades->bootstrap()
#6 C:/Users/amaya/OneDrive/Documentos/ferreteria-abrinal-web/v2-laravel/vendor/laravel/framework/src/Illuminate/Foundation/Console/Kernel.php(494): Illuminate/Foundation/Application->bootstrapWith()
#7 C:/Users/amaya/OneDrive/Documentos/ferreteria-abrinal-web/v2-laravel/vendor/laravel/framework/src/Illuminate/Foundation/Console/Kernel.php(196): Illuminate/Foundation/Console/Kernel->bootstrap()
#8 C:/Users/amaya/OneDrive/Documentos/ferreteria-abrinal-web/v2-laravel/vendor/laravel/framework/src/Illuminate/Foundation/Application.php(1235): Illuminate/Foundation/Console/Kernel->handle()
#9 C:/Users/amaya/OneDrive/Documentos/ferreteria-abrinal-web/v2-laravel/artisan(12): Illuminate/Foundation/Application->handleCommand()
#10 {main}
"} 
[2026-02-23 09:32:38] local.ERROR: SQLSTATE[42P01]: Undefined table: 7 ERROR:  no existe la relación «sessions»
LINE 1: select * from "sessions" where "id" = $1 limit 1
                      ^ (Connection: pgsql, Host: 127.0.0.1, Port: 5432, Database: ferreteria_abrinal, SQL: select * from "sessions" where "id" = DnVPzciCexGRrJV026cGto7YmiYzdi4r5qhIwZNq limit 1) {"exception":"[object] (Illuminate\\Database\\QueryException(code: 42P01): SQLSTATE[42P01]: Undefined table: 7 ERROR:  no existe la relación «sessions»
LINE 1: select * from \"sessions\" where \"id\" = $1 limit 1
                      ^ (Connection: pgsql, Host: 127.0.0.1, Port: 5432, Database: ferreteria_abrinal, SQL: select * from \"sessions\" where \"id\" = DnVPzciCexGRrJV026cGto7YmiYzdi4r5qhIwZNq limit 1) at C:/Users/amaya/OneDrive/Documentos/ferreteria-abrinal-web/v2-laravel/vendor/laravel/framework/src/Illuminate/Database/Connection.php:838)
[stacktrace]
#0 C:/Users/amaya/OneDrive/Documentos/ferreteria-abrinal-web/v2-laravel/vendor/laravel/framework/src/Illuminate/Database/Connection.php(794): Illuminate/Database/Connection->runQueryCallback()
#1 C:/Users/amaya/OneDrive/Documentos/ferreteria-abrinal-web/v2-laravel/vendor/laravel/framework/src/Illuminate/Database/Connection.php(411): Illuminate/Database/Connection->run()
#2 C:/Users/amaya/OneDrive/Documentos/ferreteria-abrinal-web/v2-laravel/vendor/laravel/framework/src/Illuminate/Database/Query/Builder.php(3438): Illuminate/Database/Connection->select()
#3 C:/Users/amaya/OneDrive/Documentos/ferreteria-abrinal-web/v2-laravel/vendor/laravel/framework/src/Illuminate/Database/Query/Builder.php(3423): Illuminate/Database/Query/Builder->runSelect()
#4 C:/Users/amaya/OneDrive/Documentos/ferreteria-abrinal-web/v2-laravel/vendor/laravel/framework/src/Illuminate/Database/Query/Builder.php(4013): Illuminate/Database/Query/Builder->{closure:Illuminate/Database/Query/Builder::get():3422}()
#5 C:/Users/amaya/OneDrive/Documentos/ferreteria-abrinal-web/v2-laravel/vendor/laravel/framework/src/Illuminate/Database/Query/Builder.php(3422): Illuminate/Database/Query/Builder->onceWithColumns()
#6 C:/Users/amaya/OneDrive/Documentos/ferreteria-abrinal-web/v2-laravel/vendor/laravel/framework/src/Illuminate/Database/Concerns/BuildsQueries.php(366): Illuminate/Database/Query/Builder->get()
#7 C:/Users/amaya/OneDrive/Documentos/ferreteria-abrinal-web/v2-laravel/vendor/laravel/framework/src/Illuminate/Database/Query/Builder.php(3345): Illuminate/Database/Query/Builder->first()
#8 C:/Users/amaya/OneDrive/Documentos/ferreteria-abrinal-web/v2-laravel/vendor/laravel/framework/src/Illuminate/Session/DatabaseSessionHandler.php(96): Illuminate/Database/Query/Builder->find()
#9 C:/Users/amaya/OneDrive/Documentos/ferreteria-abrinal-web/v2-laravel/vendor/laravel/framework/src/Illuminate/Session/Store.php(128): Illuminate/Session/DatabaseSessionHandler->read()
#10 C:/Users/amaya/OneDrive/Documentos/ferreteria-abrinal-web/v2-laravel/vendor/laravel/framework/src/Illuminate/Session/Store.php(116): Illuminate/Session/Store->readFromHandler()
#11 C:/Users/amaya/OneDrive/Documentos/ferreteria-abrinal-web/v2-laravel/vendor/laravel/framework/src/Illuminate/Session/Store.php(100): Illuminate/Session/Store->loadSession()
#12 C:/Users/amaya/OneDrive/Documentos/ferreteria-abrinal-web/v2-laravel/vendor/laravel/framework/src/Illuminate/Session/Middleware/StartSession.php(146): Illuminate/Session/Store->start()
#13 C:/Users/amaya/OneDrive/Documentos/ferreteria-abrinal-web/v2-laravel/vendor/laravel/framework/src/Illuminate/Support/helpers.php(388): Illuminate/Session/Middleware/StartSession->{closure:Illuminate/Session/Middleware/StartSession::startSession():143}()
#14 C:/Users/amaya/OneDrive/Documentos/ferreteria-abrinal-web/v2-laravel/vendor/laravel/framework/src/Illuminate/Session/Middleware/StartSession.php(143): tap()
#15 C:/Users/amaya/OneDrive/Documentos/ferreteria-abrinal-web/v2-laravel/vendor/laravel/framework/src/Illuminate/Session/Middleware/StartSession.php(115): Illuminate/Session/Middleware/StartSession->startSession()
#16 C:/Users/amaya/OneDrive/Documentos/ferreteria-abrinal-web/v2-laravel/vendor/laravel/framework/src/Illuminate/Session/Middleware/StartSession.php(63): Illuminate/Session/Middleware/StartSession->handleStatefulRequest()
#17 C:/Users/amaya/OneDrive/Documentos/ferreteria-abrinal-web/v2-laravel/vendor/laravel/framework/src/Illuminate/Pipeline/Pipeline.php(219): Illuminate/Session/Middleware/StartSession->handle()
#18 C:/Users/amaya/OneDrive/Documentos/ferreteria-abrinal-web/v2-laravel/vendor/laravel/framework/src/Illuminate/Cookie/Middleware/AddQueuedCookiesToResponse.php(36): Illuminate/Pipeline/Pipeline->{closure:{closure:Illuminate/Pipeline/Pipeline::carry():194}:195}()
#19 C:/Users/amaya/OneDrive/Documentos/ferreteria-abrinal-web/v2-laravel/vendor/laravel/framework/src/Illuminate/Pipeline/Pipeline.php(219): Illuminate/Cookie/Middleware/AddQueuedCookiesToResponse->handle()
#20 C:/Users/amaya/OneDrive/Documentos/ferreteria-abrinal-web/v2-laravel/vendor/laravel/framework/src/Illuminate/Cookie/Middleware/EncryptCookies.php(74): Illuminate/Pipeline/Pipeline->{closure:{closure:Illuminate/Pipeline/Pipeline::carry():194}:195}()
#21 C:/Users/amaya/OneDrive/Documentos/ferreteria-abrinal-web/v2-laravel/vendor/laravel/framework/src/Illuminate/Pipeline/Pipeline.php(219): Illuminate/Cookie/Middleware/EncryptCookies->handle()
#22 C:/Users/amaya/OneDrive/Documentos/ferreteria-abrinal-web/v2-laravel/vendor/laravel/framework/src/Illuminate/Pipeline/Pipeline.php(137): Illuminate/Pipeline/Pipeline->{closure:{closure:Illuminate/Pipeline/Pipeline::carry():194}:195}()
#23 C:/Users/amaya/OneDrive/Documentos/ferreteria-abrinal-web/v2-laravel/vendor/laravel/framework/src/Illuminate/Routing/Router.php(821): Illuminate/Pipeline/Pipeline->then()
#24 C:/Users/amaya/OneDrive/Documentos/ferreteria-abrinal-web/v2-laravel/vendor/laravel/framework/src/Illuminate/Routing/Router.php(800): Illuminate/Routing/Router->runRouteWithinStack()
#25 C:/Users/amaya/OneDrive/Documentos/ferreteria-abrinal-web/v2-laravel/vendor/laravel/framework/src/Illuminate/Routing/Router.php(764): Illuminate/Routing/Router->runRoute()
#26 C:/Users/amaya/OneDrive/Documentos/ferreteria-abrinal-web/v2-laravel/vendor/laravel/framework/src/Illuminate/Routing/Router.php(753): Illuminate/Routing/Router->dispatchToRoute()
#27 C:/Users/amaya/OneDrive/Documentos/ferreteria-abrinal-web/v2-laravel/vendor/laravel/framework/src/Illuminate/Foundation/Http/Kernel.php(200): Illuminate/Routing/Router->dispatch()
#28 C:/Users/amaya/OneDrive/Documentos/ferreteria-abrinal-web/v2-laravel/vendor/laravel/framework/src/Illuminate/Pipeline/Pipeline.php(180): Illuminate/Foundation/Http/Kernel->{closure:Illuminate/Foundation/Http/Kernel::dispatchToRouter():197}()
#29 C:/Users/amaya/OneDrive/Documentos/ferreteria-abrinal-web/v2-laravel/vendor/laravel/framework/src/Illuminate/Foundation/Http/Middleware/TransformsRequest.php(21): Illuminate/Pipeline/Pipeline->{closure:Illuminate/Pipeline/Pipeline::prepareDestination():178}()
#30 C:/Users/amaya/OneDrive/Documentos/ferreteria-abrinal-web/v2-laravel/vendor/laravel/framework/src/Illuminate/Foundation/Http/Middleware/ConvertEmptyStringsToNull.php(31): Illuminate/Foundation/Http/Middleware/TransformsRequest->handle()
#31 C:/Users/amaya/OneDrive/Documentos/ferreteria-abrinal-web/v2-laravel/vendor/laravel/framework/src/Illuminate/Pipeline/Pipeline.php(219): Illuminate/Foundation/Http/Middleware/ConvertEmptyStringsToNull->handle()
#32 C:/Users/amaya/OneDrive/Documentos/ferreteria-abrinal-web/v2-laravel/vendor/laravel/framework/src/Illuminate/Foundation/Http/Middleware/TransformsRequest.php(21): Illuminate/Pipeline/Pipeline->{closure:{closure:Illuminate/Pipeline/Pipeline::carry():194}:195}()
#33 C:/Users/amaya/OneDrive/Documentos/ferreteria-abrinal-web/v2-laravel/vendor/laravel/framework/src/Illuminate/Foundation/Http/Middleware/TrimStrings.php(51): Illuminate/Foundation/Http/Middleware/TransformsRequest->handle()
#34 C:/Users/amaya/OneDrive/Documentos/ferreteria-abrinal-web/v2-laravel/vendor/laravel/framework/src/Illuminate/Pipeline/Pipeline.php(219): Illuminate/Foundation/Http/Middleware/TrimStrings->handle()
#35 C:/Users/amaya/OneDrive/Documentos/ferreteria-abrinal-web/v2-laravel/vendor/laravel/framework/src/Illuminate/Http/Middleware/ValidatePostSize.php(27): Illuminate/Pipeline/Pipeline->{closure:{closure:Illuminate/Pipeline/Pipeline::carry():194}:195}()
#36 C:/Users/amaya/OneDrive/Documentos/ferreteria-abrinal-web/v2-laravel/vendor/laravel/framework/src/Illuminate/Pipeline/Pipeline.php(219): Illuminate/Http/Middleware/ValidatePostSize->handle()
#37 C:/Users/amaya/OneDrive/Documentos/ferreteria-abrinal-web/v2-laravel/vendor/laravel/framework/src/Illuminate/Foundation/Http/Middleware/PreventRequestsDuringMaintenance.php(109): Illuminate/Pipeline/Pipeline->{closure:{closure:Illuminate/Pipeline/Pipeline::carry():194}:195}()
#38 C:/Users/amaya/OneDrive/Documentos/ferreteria-abrinal-web/v2-laravel/vendor/laravel/framework/src/Illuminate/Pipeline/Pipeline.php(219): Illuminate/Foundation/Http/Middleware/PreventRequestsDuringMaintenance->handle()
#39 C:/Users/amaya/OneDrive/Documentos/ferreteria-abrinal-web/v2-laravel/vendor/laravel/framework/src/Illuminate/Http/Middleware/HandleCors.php(61): Illuminate/Pipeline/Pipeline->{closure:{closure:Illuminate/Pipeline/Pipeline::carry():194}:195}()
#40 C:/Users/amaya/OneDrive/Documentos/ferreteria-abrinal-web/v2-laravel/vendor/laravel/framework/src/Illuminate/Pipeline/Pipeline.php(219): Illuminate/Http/Middleware/HandleCors->handle()
#41 C:/Users/amaya/OneDrive/Documentos/ferreteria-abrinal-web/v2-laravel/vendor/laravel/framework/src/Illuminate/Http/Middleware/TrustProxies.php(58): Illuminate/Pipeline/Pipeline->{closure:{closure:Illuminate/Pipeline/Pipeline::carry():194}:195}()
#42 C:/Users/amaya/OneDrive/Documentos/ferreteria-abrinal-web/v2-laravel/vendor/laravel/framework/src/Illuminate/Pipeline/Pipeline.php(219): Illuminate/Http/Middleware/TrustProxies->handle()
#43 C:/Users/amaya/OneDrive/Documentos/ferreteria-abrinal-web/v2-laravel/vendor/laravel/framework/src/Illuminate/Foundation/Http/Middleware/InvokeDeferredCallbacks.php(22): Illuminate/Pipeline/Pipeline->{closure:{closure:Illuminate/Pipeline/Pipeline::carry():194}:195}()
#44 C:/Users/amaya/OneDrive/Documentos/ferreteria-abrinal-web/v2-laravel/vendor/laravel/framework/src/Illuminate/Pipeline/Pipeline.php(219): Illuminate/Foundation/Http/Middleware/InvokeDeferredCallbacks->handle()
#45 C:/Users/amaya/OneDrive/Documentos/ferreteria-abrinal-web/v2-laravel/vendor/laravel/framework/src/Illuminate/Http/Middleware/ValidatePathEncoding.php(26): Illuminate/Pipeline/Pipeline->{closure:{closure:Illuminate/Pipeline/Pipeline::carry():194}:195}()
#46 C:/Users/amaya/OneDrive/Documentos/ferreteria-abrinal-web/v2-laravel/vendor/laravel/framework/src/Illuminate/Pipeline/Pipeline.php(219): Illuminate/Http/Middleware/ValidatePathEncoding->handle()
#47 C:/Users/amaya/OneDrive/Documentos/ferreteria-abrinal-web/v2-laravel/vendor/laravel/framework/src/Illuminate/Pipeline/Pipeline.php(137): Illuminate/Pipeline/Pipeline->{closure:{closure:Illuminate/Pipeline/Pipeline::carry():194}:195}()
#48 C:/Users/amaya/OneDrive/Documentos/ferreteria-abrinal-web/v2-laravel/vendor/laravel/framework/src/Illuminate/Foundation/Http/Kernel.php(175): Illuminate/Pipeline/Pipeline->then()
#49 C:/Users/amaya/OneDrive/Documentos/ferreteria-abrinal-web/v2-laravel/vendor/laravel/framework/src/Illuminate/Foundation/Http/Kernel.php(144): Illuminate/Foundation/Http/Kernel->sendRequestThroughRouter()
#50 C:/Users/amaya/OneDrive/Documentos/ferreteria-abrinal-web/v2-laravel/vendor/laravel/framework/src/Illuminate/Foundation/Application.php(1220): Illuminate/Foundation/Http/Kernel->handle()
#51 C:/Users/amaya/OneDrive/Documentos/ferreteria-abrinal-web/v2-laravel/public/index.php(15): Illuminate/Foundation/Application->handleRequest()
#52 C:/Users/amaya/OneDrive/Documentos/ferreteria-abrinal-web/v2-laravel/vendor/laravel/framework/src/Illuminate/Foundation/resources/server.php(23): require_once('...')
#53 {main}

[previous exception] [object] (PDOException(code: 42P01): SQLSTATE[42P01]: Undefined table: 7 ERROR:  no existe la relación «sessions»
LINE 1: select * from \"sessions\" where \"id\" = $1 limit 1
                      ^ at C:/Users/amaya/OneDrive/Documentos/ferreteria-abrinal-web/v2-laravel/vendor/laravel/framework/src/Illuminate/Database/Connection.php:425)
[stacktrace]
#0 C:/Users/amaya/OneDrive/Documentos/ferreteria-abrinal-web/v2-laravel/vendor/laravel/framework/src/Illuminate/Database/Connection.php(425): PDOStatement->execute()
#1 C:/Users/amaya/OneDrive/Documentos/ferreteria-abrinal-web/v2-laravel/vendor/laravel/framework/src/Illuminate/Database/Connection.php(827): Illuminate/Database/Connection->{closure:Illuminate/Database/Connection::select():411}()
#2 C:/Users/amaya/OneDrive/Documentos/ferreteria-abrinal-web/v2-laravel/vendor/laravel/framework/src/Illuminate/Database/Connection.php(794): Illuminate/Database/Connection->runQueryCallback()
#3 C:/Users/amaya/OneDrive/Documentos/ferreteria-abrinal-web/v2-laravel/vendor/laravel/framework/src/Illuminate/Database/Connection.php(411): Illuminate/Database/Connection->run()
#4 C:/Users/amaya/OneDrive/Documentos/ferreteria-abrinal-web/v2-laravel/vendor/laravel/framework/src/Illuminate/Database/Query/Builder.php(3438): Illuminate/Database/Connection->select()
#5 C:/Users/amaya/OneDrive/Documentos/ferreteria-abrinal-web/v2-laravel/vendor/laravel/framework/src/Illuminate/Database/Query/Builder.php(3423): Illuminate/Database/Query/Builder->runSelect()
#6 C:/Users/amaya/OneDrive/Documentos/ferreteria-abrinal-web/v2-laravel/vendor/laravel/framework/src/Illuminate/Database/Query/Builder.php(4013): Illuminate/Database/Query/Builder->{closure:Illuminate/Database/Query/Builder::get():3422}()
#7 C:/Users/amaya/OneDrive/Documentos/ferreteria-abrinal-web/v2-laravel/vendor/laravel/framework/src/Illuminate/Database/Query/Builder.php(3422): Illuminate/Database/Query/Builder->onceWithColumns()
#8 C:/Users/amaya/OneDrive/Documentos/ferreteria-abrinal-web/v2-laravel/vendor/laravel/framework/src/Illuminate/Database/Concerns/BuildsQueries.php(366): Illuminate/Database/Query/Builder->get()
#9 C:/Users/amaya/OneDrive/Documentos/ferreteria-abrinal-web/v2-laravel/vendor/laravel/framework/src/Illuminate/Database/Query/Builder.php(3345): Illuminate/Database/Query/Builder->first()
#10 C:/Users/amaya/OneDrive/Documentos/ferreteria-abrinal-web/v2-laravel/vendor/laravel/framework/src/Illuminate/Session/DatabaseSessionHandler.php(96): Illuminate/Database/Query/Builder->find()
#11 C:/Users/amaya/OneDrive/Documentos/ferreteria-abrinal-web/v2-laravel/vendor/laravel/framework/src/Illuminate/Session/Store.php(128): Illuminate/Session/DatabaseSessionHandler->read()
#12 C:/Users/amaya/OneDrive/Documentos/ferreteria-abrinal-web/v2-laravel/vendor/laravel/framework/src/Illuminate/Session/Store.php(116): Illuminate/Session/Store->readFromHandler()
#13 C:/Users/amaya/OneDrive/Documentos/ferreteria-abrinal-web/v2-laravel/vendor/laravel/framework/src/Illuminate/Session/Store.php(100): Illuminate/Session/Store->loadSession()
#14 C:/Users/amaya/OneDrive/Documentos/ferreteria-abrinal-web/v2-laravel/vendor/laravel/framework/src/Illuminate/Session/Middleware/StartSession.php(146): Illuminate/Session/Store->start()
#15 C:/Users/amaya/OneDrive/Documentos/ferreteria-abrinal-web/v2-laravel/vendor/laravel/framework/src/Illuminate/Support/helpers.php(388): Illuminate/Session/Middleware/StartSession->{closure:Illuminate/Session/Middleware/StartSession::startSession():143}()
#16 C:/Users/amaya/OneDrive/Documentos/ferreteria-abrinal-web/v2-laravel/vendor/laravel/framework/src/Illuminate/Session/Middleware/StartSession.php(143): tap()
#17 C:/Users/amaya/OneDrive/Documentos/ferreteria-abrinal-web/v2-laravel/vendor/laravel/framework/src/Illuminate/Session/Middleware/StartSession.php(115): Illuminate/Session/Middleware/StartSession->startSession()
#18 C:/Users/amaya/OneDrive/Documentos/ferreteria-abrinal-web/v2-laravel/vendor/laravel/framework/src/Illuminate/Session/Middleware/StartSession.php(63): Illuminate/Session/Middleware/StartSession->handleStatefulRequest()
#19 C:/Users/amaya/OneDrive/Documentos/ferreteria-abrinal-web/v2-laravel/vendor/laravel/framework/src/Illuminate/Pipeline/Pipeline.php(219): Illuminate/Session/Middleware/StartSession->handle()
#20 C:/Users/amaya/OneDrive/Documentos/ferreteria-abrinal-web/v2-laravel/vendor/laravel/framework/src/Illuminate/Cookie/Middleware/AddQueuedCookiesToResponse.php(36): Illuminate/Pipeline/Pipeline->{closure:{closure:Illuminate/Pipeline/Pipeline::carry():194}:195}()
#21 C:/Users/amaya/OneDrive/Documentos/ferreteria-abrinal-web/v2-laravel/vendor/laravel/framework/src/Illuminate/Pipeline/Pipeline.php(219): Illuminate/Cookie/Middleware/AddQueuedCookiesToResponse->handle()
#22 C:/Users/amaya/OneDrive/Documentos/ferreteria-abrinal-web/v2-laravel/vendor/laravel/framework/src/Illuminate/Cookie/Middleware/EncryptCookies.php(74): Illuminate/Pipeline/Pipeline->{closure:{closure:Illuminate/Pipeline/Pipeline::carry():194}:195}()
#23 C:/Users/amaya/OneDrive/Documentos/ferreteria-abrinal-web/v2-laravel/vendor/laravel/framework/src/Illuminate/Pipeline/Pipeline.php(219): Illuminate/Cookie/Middleware/EncryptCookies->handle()
#24 C:/Users/amaya/OneDrive/Documentos/ferreteria-abrinal-web/v2-laravel/vendor/laravel/framework/src/Illuminate/Pipeline/Pipeline.php(137): Illuminate/Pipeline/Pipeline->{closure:{closure:Illuminate/Pipeline/Pipeline::carry():194}:195}()
#25 C:/Users/amaya/OneDrive/Documentos/ferreteria-abrinal-web/v2-laravel/vendor/laravel/framework/src/Illuminate/Routing/Router.php(821): Illuminate/Pipeline/Pipeline->then()
#26 C:/Users/amaya/OneDrive/Documentos/ferreteria-abrinal-web/v2-laravel/vendor/laravel/framework/src/Illuminate/Routing/Router.php(800): Illuminate/Routing/Router->runRouteWithinStack()
#27 C:/Users/amaya/OneDrive/Documentos/ferreteria-abrinal-web/v2-laravel/vendor/laravel/framework/src/Illuminate/Routing/Router.php(764): Illuminate/Routing/Router->runRoute()
#28 C:/Users/amaya/OneDrive/Documentos/ferreteria-abrinal-web/v2-laravel/vendor/laravel/framework/src/Illuminate/Routing/Router.php(753): Illuminate/Routing/Router->dispatchToRoute()
#29 C:/Users/amaya/OneDrive/Documentos/ferreteria-abrinal-web/v2-laravel/vendor/laravel/framework/src/Illuminate/Foundation/Http/Kernel.php(200): Illuminate/Routing/Router->dispatch()
#30 C:/Users/amaya/OneDrive/Documentos/ferreteria-abrinal-web/v2-laravel/vendor/laravel/framework/src/Illuminate/Pipeline/Pipeline.php(180): Illuminate/Foundation/Http/Kernel->{closure:Illuminate/Foundation/Http/Kernel::dispatchToRouter():197}()
#31 C:/Users/amaya/OneDrive/Documentos/ferreteria-abrinal-web/v2-laravel/vendor/laravel/framework/src/Illuminate/Foundation/Http/Middleware/TransformsRequest.php(21): Illuminate/Pipeline/Pipeline->{closure:Illuminate/Pipeline/Pipeline::prepareDestination():178}()
#32 C:/Users/amaya/OneDrive/Documentos/ferreteria-abrinal-web/v2-laravel/vendor/laravel/framework/src/Illuminate/Foundation/Http/Middleware/ConvertEmptyStringsToNull.php(31): Illuminate/Foundation/Http/Middleware/TransformsRequest->handle()
#33 C:/Users/amaya/OneDrive/Documentos/ferreteria-abrinal-web/v2-laravel/vendor/laravel/framework/src/Illuminate/Pipeline/Pipeline.php(219): Illuminate/Foundation/Http/Middleware/ConvertEmptyStringsToNull->handle()
#34 C:/Users/amaya/OneDrive/Documentos/ferreteria-abrinal-web/v2-laravel/vendor/laravel/framework/src/Illuminate/Foundation/Http/Middleware/TransformsRequest.php(21): Illuminate/Pipeline/Pipeline->{closure:{closure:Illuminate/Pipeline/Pipeline::carry():194}:195}()
#35 C:/Users/amaya/OneDrive/Documentos/ferreteria-abrinal-web/v2-laravel/vendor/laravel/framework/src/Illuminate/Foundation/Http/Middleware/TrimStrings.php(51): Illuminate/Foundation/Http/Middleware/TransformsRequest->handle()
#36 C:/Users/amaya/OneDrive/Documentos/ferreteria-abrinal-web/v2-laravel/vendor/laravel/framework/src/Illuminate/Pipeline/Pipeline.php(219): Illuminate/Foundation/Http/Middleware/TrimStrings->handle()
#37 C:/Users/amaya/OneDrive/Documentos/ferreteria-abrinal-web/v2-laravel/vendor/laravel/framework/src/Illuminate/Http/Middleware/ValidatePostSize.php(27): Illuminate/Pipeline/Pipeline->{closure:{closure:Illuminate/Pipeline/Pipeline::carry():194}:195}()
#38 C:/Users/amaya/OneDrive/Documentos/ferreteria-abrinal-web/v2-laravel/vendor/laravel/framework/src/Illuminate/Pipeline/Pipeline.php(219): Illuminate/Http/Middleware/ValidatePostSize->handle()
#39 C:/Users/amaya/OneDrive/Documentos/ferreteria-abrinal-web/v2-laravel/vendor/laravel/framework/src/Illuminate/Foundation/Http/Middleware/PreventRequestsDuringMaintenance.php(109): Illuminate/Pipeline/Pipeline->{closure:{closure:Illuminate/Pipeline/Pipeline::carry():194}:195}()
#40 C:/Users/amaya/OneDrive/Documentos/ferreteria-abrinal-web/v2-laravel/vendor/laravel/framework/src/Illuminate/Pipeline/Pipeline.php(219): Illuminate/Foundation/Http/Middleware/PreventRequestsDuringMaintenance->handle()
#41 C:/Users/amaya/OneDrive/Documentos/ferreteria-abrinal-web/v2-laravel/vendor/laravel/framework/src/Illuminate/Http/Middleware/HandleCors.php(61): Illuminate/Pipeline/Pipeline->{closure:{closure:Illuminate/Pipeline/Pipeline::carry():194}:195}()
#42 C:/Users/amaya/OneDrive/Documentos/ferreteria-abrinal-web/v2-laravel/vendor/laravel/framework/src/Illuminate/Pipeline/Pipeline.php(219): Illuminate/Http/Middleware/HandleCors->handle()
#43 C:/Users/amaya/OneDrive/Documentos/ferreteria-abrinal-web/v2-laravel/vendor/laravel/framework/src/Illuminate/Http/Middleware/TrustProxies.php(58): Illuminate/Pipeline/Pipeline->{closure:{closure:Illuminate/Pipeline/Pipeline::carry():194}:195}()
#44 C:/Users/amaya/OneDrive/Documentos/ferreteria-abrinal-web/v2-laravel/vendor/laravel/framework/src/Illuminate/Pipeline/Pipeline.php(219): Illuminate/Http/Middleware/TrustProxies->handle()
#45 C:/Users/amaya/OneDrive/Documentos/ferreteria-abrinal-web/v2-laravel/vendor/laravel/framework/src/Illuminate/Foundation/Http/Middleware/InvokeDeferredCallbacks.php(22): Illuminate/Pipeline/Pipeline->{closure:{closure:Illuminate/Pipeline/Pipeline::carry():194}:195}()
#46 C:/Users/amaya/OneDrive/Documentos/ferreteria-abrinal-web/v2-laravel/vendor/laravel/framework/src/Illuminate/Pipeline/Pipeline.php(219): Illuminate/Foundation/Http/Middleware/InvokeDeferredCallbacks->handle()
#47 C:/Users/amaya/OneDrive/Documentos/ferreteria-abrinal-web/v2-laravel/vendor/laravel/framework/src/Illuminate/Http/Middleware/ValidatePathEncoding.php(26): Illuminate/Pipeline/Pipeline->{closure:{closure:Illuminate/Pipeline/Pipeline::carry():194}:195}()
#48 C:/Users/amaya/OneDrive/Documentos/ferreteria-abrinal-web/v2-laravel/vendor/laravel/framework/src/Illuminate/Pipeline/Pipeline.php(219): Illuminate/Http/Middleware/ValidatePathEncoding->handle()
#49 C:/Users/amaya/OneDrive/Documentos/ferreteria-abrinal-web/v2-laravel/vendor/laravel/framework/src/Illuminate/Pipeline/Pipeline.php(137): Illuminate/Pipeline/Pipeline->{closure:{closure:Illuminate/Pipeline/Pipeline::carry():194}:195}()
#50 C:/Users/amaya/OneDrive/Documentos/ferreteria-abrinal-web/v2-laravel/vendor/laravel/framework/src/Illuminate/Foundation/Http/Kernel.php(175): Illuminate/Pipeline/Pipeline->then()
#51 C:/Users/amaya/OneDrive/Documentos/ferreteria-abrinal-web/v2-laravel/vendor/laravel/framework/src/Illuminate/Foundation/Http/Kernel.php(144): Illuminate/Foundation/Http/Kernel->sendRequestThroughRouter()
#52 C:/Users/amaya/OneDrive/Documentos/ferreteria-abrinal-web/v2-laravel/vendor/laravel/framework/src/Illuminate/Foundation/Application.php(1220): Illuminate/Foundation/Http/Kernel->handle()
#53 C:/Users/amaya/OneDrive/Documentos/ferreteria-abrinal-web/v2-laravel/public/index.php(15): Illuminate/Foundation/Application->handleRequest()
#54 C:/Users/amaya/OneDrive/Documentos/ferreteria-abrinal-web/v2-laravel/vendor/laravel/framework/src/Illuminate/Foundation/resources/server.php(23): require_once('...')
#55 {main}
"} 
[2026-02-23 09:33:49] local.ERROR: SQLSTATE[42P01]: Undefined table: 7 ERROR:  no existe la relación «sessions»
LINE 1: select * from "sessions" where "id" = $1 limit 1
                      ^ (Connection: pgsql, Host: 127.0.0.1, Port: 5432, Database: ferreteria_abrinal, SQL: select * from "sessions" where "id" = e6vCGTrK7yHiiuo8wPLvVpLOtDOS7KSftfNyZHts limit 1) {"exception":"[object] (Illuminate\\Database\\QueryException(code: 42P01): SQLSTATE[42P01]: Undefined table: 7 ERROR:  no existe la relación «sessions»
LINE 1: select * from \"sessions\" where \"id\" = $1 limit 1
                      ^ (Connection: pgsql, Host: 127.0.0.1, Port: 5432, Database: ferreteria_abrinal, SQL: select * from \"sessions\" where \"id\" = e6vCGTrK7yHiiuo8wPLvVpLOtDOS7KSftfNyZHts limit 1) at C:/Users/amaya/OneDrive/Documentos/ferreteria-abrinal-web/v2-laravel/vendor/laravel/framework/src/Illuminate/Database/Connection.php:838)
[stacktrace]
#0 C:/Users/amaya/OneDrive/Documentos/ferreteria-abrinal-web/v2-laravel/vendor/laravel/framework/src/Illuminate/Database/Connection.php(794): Illuminate/Database/Connection->runQueryCallback()
#1 C:/Users/amaya/OneDrive/Documentos/ferreteria-abrinal-web/v2-laravel/vendor/laravel/framework/src/Illuminate/Database/Connection.php(411): Illuminate/Database/Connection->run()
#2 C:/Users/amaya/OneDrive/Documentos/ferreteria-abrinal-web/v2-laravel/vendor/laravel/framework/src/Illuminate/Database/Query/Builder.php(3438): Illuminate/Database/Connection->select()
#3 C:/Users/amaya/OneDrive/Documentos/ferreteria-abrinal-web/v2-laravel/vendor/laravel/framework/src/Illuminate/Database/Query/Builder.php(3423): Illuminate/Database/Query/Builder->runSelect()
#4 C:/Users/amaya/OneDrive/Documentos/ferreteria-abrinal-web/v2-laravel/vendor/laravel/framework/src/Illuminate/Database/Query/Builder.php(4013): Illuminate/Database/Query/Builder->{closure:Illuminate/Database/Query/Builder::get():3422}()
#5 C:/Users/amaya/OneDrive/Documentos/ferreteria-abrinal-web/v2-laravel/vendor/laravel/framework/src/Illuminate/Database/Query/Builder.php(3422): Illuminate/Database/Query/Builder->onceWithColumns()
#6 C:/Users/amaya/OneDrive/Documentos/ferreteria-abrinal-web/v2-laravel/vendor/laravel/framework/src/Illuminate/Database/Concerns/BuildsQueries.php(366): Illuminate/Database/Query/Builder->get()
#7 C:/Users/amaya/OneDrive/Documentos/ferreteria-abrinal-web/v2-laravel/vendor/laravel/framework/src/Illuminate/Database/Query/Builder.php(3345): Illuminate/Database/Query/Builder->first()
#8 C:/Users/amaya/OneDrive/Documentos/ferreteria-abrinal-web/v2-laravel/vendor/laravel/framework/src/Illuminate/Session/DatabaseSessionHandler.php(96): Illuminate/Database/Query/Builder->find()
#9 C:/Users/amaya/OneDrive/Documentos/ferreteria-abrinal-web/v2-laravel/vendor/laravel/framework/src/Illuminate/Session/Store.php(128): Illuminate/Session/DatabaseSessionHandler->read()
#10 C:/Users/amaya/OneDrive/Documentos/ferreteria-abrinal-web/v2-laravel/vendor/laravel/framework/src/Illuminate/Session/Store.php(116): Illuminate/Session/Store->readFromHandler()
#11 C:/Users/amaya/OneDrive/Documentos/ferreteria-abrinal-web/v2-laravel/vendor/laravel/framework/src/Illuminate/Session/Store.php(100): Illuminate/Session/Store->loadSession()
#12 C:/Users/amaya/OneDrive/Documentos/ferreteria-abrinal-web/v2-laravel/vendor/laravel/framework/src/Illuminate/Session/Middleware/StartSession.php(146): Illuminate/Session/Store->start()
#13 C:/Users/amaya/OneDrive/Documentos/ferreteria-abrinal-web/v2-laravel/vendor/laravel/framework/src/Illuminate/Support/helpers.php(388): Illuminate/Session/Middleware/StartSession->{closure:Illuminate/Session/Middleware/StartSession::startSession():143}()
#14 C:/Users/amaya/OneDrive/Documentos/ferreteria-abrinal-web/v2-laravel/vendor/laravel/framework/src/Illuminate/Session/Middleware/StartSession.php(143): tap()
#15 C:/Users/amaya/OneDrive/Documentos/ferreteria-abrinal-web/v2-laravel/vendor/laravel/framework/src/Illuminate/Session/Middleware/StartSession.php(115): Illuminate/Session/Middleware/StartSession->startSession()
#16 C:/Users/amaya/OneDrive/Documentos/ferreteria-abrinal-web/v2-laravel/vendor/laravel/framework/src/Illuminate/Session/Middleware/StartSession.php(63): Illuminate/Session/Middleware/StartSession->handleStatefulRequest()
#17 C:/Users/amaya/OneDrive/Documentos/ferreteria-abrinal-web/v2-laravel/vendor/laravel/framework/src/Illuminate/Pipeline/Pipeline.php(219): Illuminate/Session/Middleware/StartSession->handle()
#18 C:/Users/amaya/OneDrive/Documentos/ferreteria-abrinal-web/v2-laravel/vendor/laravel/framework/src/Illuminate/Cookie/Middleware/AddQueuedCookiesToResponse.php(36): Illuminate/Pipeline/Pipeline->{closure:{closure:Illuminate/Pipeline/Pipeline::carry():194}:195}()
#19 C:/Users/amaya/OneDrive/Documentos/ferreteria-abrinal-web/v2-laravel/vendor/laravel/framework/src/Illuminate/Pipeline/Pipeline.php(219): Illuminate/Cookie/Middleware/AddQueuedCookiesToResponse->handle()
#20 C:/Users/amaya/OneDrive/Documentos/ferreteria-abrinal-web/v2-laravel/vendor/laravel/framework/src/Illuminate/Cookie/Middleware/EncryptCookies.php(74): Illuminate/Pipeline/Pipeline->{closure:{closure:Illuminate/Pipeline/Pipeline::carry():194}:195}()
#21 C:/Users/amaya/OneDrive/Documentos/ferreteria-abrinal-web/v2-laravel/vendor/laravel/framework/src/Illuminate/Pipeline/Pipeline.php(219): Illuminate/Cookie/Middleware/EncryptCookies->handle()
#22 C:/Users/amaya/OneDrive/Documentos/ferreteria-abrinal-web/v2-laravel/vendor/laravel/framework/src/Illuminate/Pipeline/Pipeline.php(137): Illuminate/Pipeline/Pipeline->{closure:{closure:Illuminate/Pipeline/Pipeline::carry():194}:195}()
#23 C:/Users/amaya/OneDrive/Documentos/ferreteria-abrinal-web/v2-laravel/vendor/laravel/framework/src/Illuminate/Routing/Router.php(821): Illuminate/Pipeline/Pipeline->then()
#24 C:/Users/amaya/OneDrive/Documentos/ferreteria-abrinal-web/v2-laravel/vendor/laravel/framework/src/Illuminate/Routing/Router.php(800): Illuminate/Routing/Router->runRouteWithinStack()
#25 C:/Users/amaya/OneDrive/Documentos/ferreteria-abrinal-web/v2-laravel/vendor/laravel/framework/src/Illuminate/Routing/Router.php(764): Illuminate/Routing/Router->runRoute()
#26 C:/Users/amaya/OneDrive/Documentos/ferreteria-abrinal-web/v2-laravel/vendor/laravel/framework/src/Illuminate/Routing/Router.php(753): Illuminate/Routing/Router->dispatchToRoute()
#27 C:/Users/amaya/OneDrive/Documentos/ferreteria-abrinal-web/v2-laravel/vendor/laravel/framework/src/Illuminate/Foundation/Http/Kernel.php(200): Illuminate/Routing/Router->dispatch()
#28 C:/Users/amaya/OneDrive/Documentos/ferreteria-abrinal-web/v2-laravel/vendor/laravel/framework/src/Illuminate/Pipeline/Pipeline.php(180): Illuminate/Foundation/Http/Kernel->{closure:Illuminate/Foundation/Http/Kernel::dispatchToRouter():197}()
#29 C:/Users/amaya/OneDrive/Documentos/ferreteria-abrinal-web/v2-laravel/vendor/laravel/framework/src/Illuminate/Foundation/Http/Middleware/TransformsRequest.php(21): Illuminate/Pipeline/Pipeline->{closure:Illuminate/Pipeline/Pipeline::prepareDestination():178}()
#30 C:/Users/amaya/OneDrive/Documentos/ferreteria-abrinal-web/v2-laravel/vendor/laravel/framework/src/Illuminate/Foundation/Http/Middleware/ConvertEmptyStringsToNull.php(31): Illuminate/Foundation/Http/Middleware/TransformsRequest->handle()
#31 C:/Users/amaya/OneDrive/Documentos/ferreteria-abrinal-web/v2-laravel/vendor/laravel/framework/src/Illuminate/Pipeline/Pipeline.php(219): Illuminate/Foundation/Http/Middleware/ConvertEmptyStringsToNull->handle()
#32 C:/Users/amaya/OneDrive/Documentos/ferreteria-abrinal-web/v2-laravel/vendor/laravel/framework/src/Illuminate/Foundation/Http/Middleware/TransformsRequest.php(21): Illuminate/Pipeline/Pipeline->{closure:{closure:Illuminate/Pipeline/Pipeline::carry():194}:195}()
#33 C:/Users/amaya/OneDrive/Documentos/ferreteria-abrinal-web/v2-laravel/vendor/laravel/framework/src/Illuminate/Foundation/Http/Middleware/TrimStrings.php(51): Illuminate/Foundation/Http/Middleware/TransformsRequest->handle()
#34 C:/Users/amaya/OneDrive/Documentos/ferreteria-abrinal-web/v2-laravel/vendor/laravel/framework/src/Illuminate/Pipeline/Pipeline.php(219): Illuminate/Foundation/Http/Middleware/TrimStrings->handle()
#35 C:/Users/amaya/OneDrive/Documentos/ferreteria-abrinal-web/v2-laravel/vendor/laravel/framework/src/Illuminate/Http/Middleware/ValidatePostSize.php(27): Illuminate/Pipeline/Pipeline->{closure:{closure:Illuminate/Pipeline/Pipeline::carry():194}:195}()
#36 C:/Users/amaya/OneDrive/Documentos/ferreteria-abrinal-web/v2-laravel/vendor/laravel/framework/src/Illuminate/Pipeline/Pipeline.php(219): Illuminate/Http/Middleware/ValidatePostSize->handle()
#37 C:/Users/amaya/OneDrive/Documentos/ferreteria-abrinal-web/v2-laravel/vendor/laravel/framework/src/Illuminate/Foundation/Http/Middleware/PreventRequestsDuringMaintenance.php(109): Illuminate/Pipeline/Pipeline->{closure:{closure:Illuminate/Pipeline/Pipeline::carry():194}:195}()
#38 C:/Users/amaya/OneDrive/Documentos/ferreteria-abrinal-web/v2-laravel/vendor/laravel/framework/src/Illuminate/Pipeline/Pipeline.php(219): Illuminate/Foundation/Http/Middleware/PreventRequestsDuringMaintenance->handle()
#39 C:/Users/amaya/OneDrive/Documentos/ferreteria-abrinal-web/v2-laravel/vendor/laravel/framework/src/Illuminate/Http/Middleware/HandleCors.php(61): Illuminate/Pipeline/Pipeline->{closure:{closure:Illuminate/Pipeline/Pipeline::carry():194}:195}()
#40 C:/Users/amaya/OneDrive/Documentos/ferreteria-abrinal-web/v2-laravel/vendor/laravel/framework/src/Illuminate/Pipeline/Pipeline.php(219): Illuminate/Http/Middleware/HandleCors->handle()
#41 C:/Users/amaya/OneDrive/Documentos/ferreteria-abrinal-web/v2-laravel/vendor/laravel/framework/src/Illuminate/Http/Middleware/TrustProxies.php(58): Illuminate/Pipeline/Pipeline->{closure:{closure:Illuminate/Pipeline/Pipeline::carry():194}:195}()
#42 C:/Users/amaya/OneDrive/Documentos/ferreteria-abrinal-web/v2-laravel/vendor/laravel/framework/src/Illuminate/Pipeline/Pipeline.php(219): Illuminate/Http/Middleware/TrustProxies->handle()
#43 C:/Users/amaya/OneDrive/Documentos/ferreteria-abrinal-web/v2-laravel/vendor/laravel/framework/src/Illuminate/Foundation/Http/Middleware/InvokeDeferredCallbacks.php(22): Illuminate/Pipeline/Pipeline->{closure:{closure:Illuminate/Pipeline/Pipeline::carry():194}:195}()
#44 C:/Users/amaya/OneDrive/Documentos/ferreteria-abrinal-web/v2-laravel/vendor/laravel/framework/src/Illuminate/Pipeline/Pipeline.php(219): Illuminate/Foundation/Http/Middleware/InvokeDeferredCallbacks->handle()
#45 C:/Users/amaya/OneDrive/Documentos/ferreteria-abrinal-web/v2-laravel/vendor/laravel/framework/src/Illuminate/Http/Middleware/ValidatePathEncoding.php(26): Illuminate/Pipeline/Pipeline->{closure:{closure:Illuminate/Pipeline/Pipeline::carry():194}:195}()
#46 C:/Users/amaya/OneDrive/Documentos/ferreteria-abrinal-web/v2-laravel/vendor/laravel/framework/src/Illuminate/Pipeline/Pipeline.php(219): Illuminate/Http/Middleware/ValidatePathEncoding->handle()
#47 C:/Users/amaya/OneDrive/Documentos/ferreteria-abrinal-web/v2-laravel/vendor/laravel/framework/src/Illuminate/Pipeline/Pipeline.php(137): Illuminate/Pipeline/Pipeline->{closure:{closure:Illuminate/Pipeline/Pipeline::carry():194}:195}()
#48 C:/Users/amaya/OneDrive/Documentos/ferreteria-abrinal-web/v2-laravel/vendor/laravel/framework/src/Illuminate/Foundation/Http/Kernel.php(175): Illuminate/Pipeline/Pipeline->then()
#49 C:/Users/amaya/OneDrive/Documentos/ferreteria-abrinal-web/v2-laravel/vendor/laravel/framework/src/Illuminate/Foundation/Http/Kernel.php(144): Illuminate/Foundation/Http/Kernel->sendRequestThroughRouter()
#50 C:/Users/amaya/OneDrive/Documentos/ferreteria-abrinal-web/v2-laravel/vendor/laravel/framework/src/Illuminate/Foundation/Application.php(1220): Illuminate/Foundation/Http/Kernel->handle()
#51 C:/Users/amaya/OneDrive/Documentos/ferreteria-abrinal-web/v2-laravel/public/index.php(15): Illuminate/Foundation/Application->handleRequest()
#52 C:/Users/amaya/OneDrive/Documentos/ferreteria-abrinal-web/v2-laravel/vendor/laravel/framework/src/Illuminate/Foundation/resources/server.php(23): require_once('...')
#53 {main}

[previous exception] [object] (PDOException(code: 42P01): SQLSTATE[42P01]: Undefined table: 7 ERROR:  no existe la relación «sessions»
LINE 1: select * from \"sessions\" where \"id\" = $1 limit 1
                      ^ at C:/Users/amaya/OneDrive/Documentos/ferreteria-abrinal-web/v2-laravel/vendor/laravel/framework/src/Illuminate/Database/Connection.php:425)
[stacktrace]
#0 C:/Users/amaya/OneDrive/Documentos/ferreteria-abrinal-web/v2-laravel/vendor/laravel/framework/src/Illuminate/Database/Connection.php(425): PDOStatement->execute()
#1 C:/Users/amaya/OneDrive/Documentos/ferreteria-abrinal-web/v2-laravel/vendor/laravel/framework/src/Illuminate/Database/Connection.php(827): Illuminate/Database/Connection->{closure:Illuminate/Database/Connection::select():411}()
#2 C:/Users/amaya/OneDrive/Documentos/ferreteria-abrinal-web/v2-laravel/vendor/laravel/framework/src/Illuminate/Database/Connection.php(794): Illuminate/Database/Connection->runQueryCallback()
#3 C:/Users/amaya/OneDrive/Documentos/ferreteria-abrinal-web/v2-laravel/vendor/laravel/framework/src/Illuminate/Database/Connection.php(411): Illuminate/Database/Connection->run()
#4 C:/Users/amaya/OneDrive/Documentos/ferreteria-abrinal-web/v2-laravel/vendor/laravel/framework/src/Illuminate/Database/Query/Builder.php(3438): Illuminate/Database/Connection->select()
#5 C:/Users/amaya/OneDrive/Documentos/ferreteria-abrinal-web/v2-laravel/vendor/laravel/framework/src/Illuminate/Database/Query/Builder.php(3423): Illuminate/Database/Query/Builder->runSelect()
#6 C:/Users/amaya/OneDrive/Documentos/ferreteria-abrinal-web/v2-laravel/vendor/laravel/framework/src/Illuminate/Database/Query/Builder.php(4013): Illuminate/Database/Query/Builder->{closure:Illuminate/Database/Query/Builder::get():3422}()
#7 C:/Users/amaya/OneDrive/Documentos/ferreteria-abrinal-web/v2-laravel/vendor/laravel/framework/src/Illuminate/Database/Query/Builder.php(3422): Illuminate/Database/Query/Builder->onceWithColumns()
#8 C:/Users/amaya/OneDrive/Documentos/ferreteria-abrinal-web/v2-laravel/vendor/laravel/framework/src/Illuminate/Database/Concerns/BuildsQueries.php(366): Illuminate/Database/Query/Builder->get()
#9 C:/Users/amaya/OneDrive/Documentos/ferreteria-abrinal-web/v2-laravel/vendor/laravel/framework/src/Illuminate/Database/Query/Builder.php(3345): Illuminate/Database/Query/Builder->first()
#10 C:/Users/amaya/OneDrive/Documentos/ferreteria-abrinal-web/v2-laravel/vendor/laravel/framework/src/Illuminate/Session/DatabaseSessionHandler.php(96): Illuminate/Database/Query/Builder->find()
#11 C:/Users/amaya/OneDrive/Documentos/ferreteria-abrinal-web/v2-laravel/vendor/laravel/framework/src/Illuminate/Session/Store.php(128): Illuminate/Session/DatabaseSessionHandler->read()
#12 C:/Users/amaya/OneDrive/Documentos/ferreteria-abrinal-web/v2-laravel/vendor/laravel/framework/src/Illuminate/Session/Store.php(116): Illuminate/Session/Store->readFromHandler()
#13 C:/Users/amaya/OneDrive/Documentos/ferreteria-abrinal-web/v2-laravel/vendor/laravel/framework/src/Illuminate/Session/Store.php(100): Illuminate/Session/Store->loadSession()
#14 C:/Users/amaya/OneDrive/Documentos/ferreteria-abrinal-web/v2-laravel/vendor/laravel/framework/src/Illuminate/Session/Middleware/StartSession.php(146): Illuminate/Session/Store->start()
#15 C:/Users/amaya/OneDrive/Documentos/ferreteria-abrinal-web/v2-laravel/vendor/laravel/framework/src/Illuminate/Support/helpers.php(388): Illuminate/Session/Middleware/StartSession->{closure:Illuminate/Session/Middleware/StartSession::startSession():143}()
#16 C:/Users/amaya/OneDrive/Documentos/ferreteria-abrinal-web/v2-laravel/vendor/laravel/framework/src/Illuminate/Session/Middleware/StartSession.php(143): tap()
#17 C:/Users/amaya/OneDrive/Documentos/ferreteria-abrinal-web/v2-laravel/vendor/laravel/framework/src/Illuminate/Session/Middleware/StartSession.php(115): Illuminate/Session/Middleware/StartSession->startSession()
#18 C:/Users/amaya/OneDrive/Documentos/ferreteria-abrinal-web/v2-laravel/vendor/laravel/framework/src/Illuminate/Session/Middleware/StartSession.php(63): Illuminate/Session/Middleware/StartSession->handleStatefulRequest()
#19 C:/Users/amaya/OneDrive/Documentos/ferreteria-abrinal-web/v2-laravel/vendor/laravel/framework/src/Illuminate/Pipeline/Pipeline.php(219): Illuminate/Session/Middleware/StartSession->handle()
#20 C:/Users/amaya/OneDrive/Documentos/ferreteria-abrinal-web/v2-laravel/vendor/laravel/framework/src/Illuminate/Cookie/Middleware/AddQueuedCookiesToResponse.php(36): Illuminate/Pipeline/Pipeline->{closure:{closure:Illuminate/Pipeline/Pipeline::carry():194}:195}()
#21 C:/Users/amaya/OneDrive/Documentos/ferreteria-abrinal-web/v2-laravel/vendor/laravel/framework/src/Illuminate/Pipeline/Pipeline.php(219): Illuminate/Cookie/Middleware/AddQueuedCookiesToResponse->handle()
#22 C:/Users/amaya/OneDrive/Documentos/ferreteria-abrinal-web/v2-laravel/vendor/laravel/framework/src/Illuminate/Cookie/Middleware/EncryptCookies.php(74): Illuminate/Pipeline/Pipeline->{closure:{closure:Illuminate/Pipeline/Pipeline::carry():194}:195}()
#23 C:/Users/amaya/OneDrive/Documentos/ferreteria-abrinal-web/v2-laravel/vendor/laravel/framework/src/Illuminate/Pipeline/Pipeline.php(219): Illuminate/Cookie/Middleware/EncryptCookies->handle()
#24 C:/Users/amaya/OneDrive/Documentos/ferreteria-abrinal-web/v2-laravel/vendor/laravel/framework/src/Illuminate/Pipeline/Pipeline.php(137): Illuminate/Pipeline/Pipeline->{closure:{closure:Illuminate/Pipeline/Pipeline::carry():194}:195}()
#25 C:/Users/amaya/OneDrive/Documentos/ferreteria-abrinal-web/v2-laravel/vendor/laravel/framework/src/Illuminate/Routing/Router.php(821): Illuminate/Pipeline/Pipeline->then()
#26 C:/Users/amaya/OneDrive/Documentos/ferreteria-abrinal-web/v2-laravel/vendor/laravel/framework/src/Illuminate/Routing/Router.php(800): Illuminate/Routing/Router->runRouteWithinStack()
#27 C:/Users/amaya/OneDrive/Documentos/ferreteria-abrinal-web/v2-laravel/vendor/laravel/framework/src/Illuminate/Routing/Router.php(764): Illuminate/Routing/Router->runRoute()
#28 C:/Users/amaya/OneDrive/Documentos/ferreteria-abrinal-web/v2-laravel/vendor/laravel/framework/src/Illuminate/Routing/Router.php(753): Illuminate/Routing/Router->dispatchToRoute()
#29 C:/Users/amaya/OneDrive/Documentos/ferreteria-abrinal-web/v2-laravel/vendor/laravel/framework/src/Illuminate/Foundation/Http/Kernel.php(200): Illuminate/Routing/Router->dispatch()
#30 C:/Users/amaya/OneDrive/Documentos/ferreteria-abrinal-web/v2-laravel/vendor/laravel/framework/src/Illuminate/Pipeline/Pipeline.php(180): Illuminate/Foundation/Http/Kernel->{closure:Illuminate/Foundation/Http/Kernel::dispatchToRouter():197}()
#31 C:/Users/amaya/OneDrive/Documentos/ferreteria-abrinal-web/v2-laravel/vendor/laravel/framework/src/Illuminate/Foundation/Http/Middleware/TransformsRequest.php(21): Illuminate/Pipeline/Pipeline->{closure:Illuminate/Pipeline/Pipeline::prepareDestination():178}()
#32 C:/Users/amaya/OneDrive/Documentos/ferreteria-abrinal-web/v2-laravel/vendor/laravel/framework/src/Illuminate/Foundation/Http/Middleware/ConvertEmptyStringsToNull.php(31): Illuminate/Foundation/Http/Middleware/TransformsRequest->handle()
#33 C:/Users/amaya/OneDrive/Documentos/ferreteria-abrinal-web/v2-laravel/vendor/laravel/framework/src/Illuminate/Pipeline/Pipeline.php(219): Illuminate/Foundation/Http/Middleware/ConvertEmptyStringsToNull->handle()
#34 C:/Users/amaya/OneDrive/Documentos/ferreteria-abrinal-web/v2-laravel/vendor/laravel/framework/src/Illuminate/Foundation/Http/Middleware/TransformsRequest.php(21): Illuminate/Pipeline/Pipeline->{closure:{closure:Illuminate/Pipeline/Pipeline::carry():194}:195}()
#35 C:/Users/amaya/OneDrive/Documentos/ferreteria-abrinal-web/v2-laravel/vendor/laravel/framework/src/Illuminate/Foundation/Http/Middleware/TrimStrings.php(51): Illuminate/Foundation/Http/Middleware/TransformsRequest->handle()
#36 C:/Users/amaya/OneDrive/Documentos/ferreteria-abrinal-web/v2-laravel/vendor/laravel/framework/src/Illuminate/Pipeline/Pipeline.php(219): Illuminate/Foundation/Http/Middleware/TrimStrings->handle()
#37 C:/Users/amaya/OneDrive/Documentos/ferreteria-abrinal-web/v2-laravel/vendor/laravel/framework/src/Illuminate/Http/Middleware/ValidatePostSize.php(27): Illuminate/Pipeline/Pipeline->{closure:{closure:Illuminate/Pipeline/Pipeline::carry():194}:195}()
#38 C:/Users/amaya/OneDrive/Documentos/ferreteria-abrinal-web/v2-laravel/vendor/laravel/framework/src/Illuminate/Pipeline/Pipeline.php(219): Illuminate/Http/Middleware/ValidatePostSize->handle()
#39 C:/Users/amaya/OneDrive/Documentos/ferreteria-abrinal-web/v2-laravel/vendor/laravel/framework/src/Illuminate/Foundation/Http/Middleware/PreventRequestsDuringMaintenance.php(109): Illuminate/Pipeline/Pipeline->{closure:{closure:Illuminate/Pipeline/Pipeline::carry():194}:195}()
#40 C:/Users/amaya/OneDrive/Documentos/ferreteria-abrinal-web/v2-laravel/vendor/laravel/framework/src/Illuminate/Pipeline/Pipeline.php(219): Illuminate/Foundation/Http/Middleware/PreventRequestsDuringMaintenance->handle()
#41 C:/Users/amaya/OneDrive/Documentos/ferreteria-abrinal-web/v2-laravel/vendor/laravel/framework/src/Illuminate/Http/Middleware/HandleCors.php(61): Illuminate/Pipeline/Pipeline->{closure:{closure:Illuminate/Pipeline/Pipeline::carry():194}:195}()
#42 C:/Users/amaya/OneDrive/Documentos/ferreteria-abrinal-web/v2-laravel/vendor/laravel/framework/src/Illuminate/Pipeline/Pipeline.php(219): Illuminate/Http/Middleware/HandleCors->handle()
#43 C:/Users/amaya/OneDrive/Documentos/ferreteria-abrinal-web/v2-laravel/vendor/laravel/framework/src/Illuminate/Http/Middleware/TrustProxies.php(58): Illuminate/Pipeline/Pipeline->{closure:{closure:Illuminate/Pipeline/Pipeline::carry():194}:195}()
#44 C:/Users/amaya/OneDrive/Documentos/ferreteria-abrinal-web/v2-laravel/vendor/laravel/framework/src/Illuminate/Pipeline/Pipeline.php(219): Illuminate/Http/Middleware/TrustProxies->handle()
#45 C:/Users/amaya/OneDrive/Documentos/ferreteria-abrinal-web/v2-laravel/vendor/laravel/framework/src/Illuminate/Foundation/Http/Middleware/InvokeDeferredCallbacks.php(22): Illuminate/Pipeline/Pipeline->{closure:{closure:Illuminate/Pipeline/Pipeline::carry():194}:195}()
#46 C:/Users/amaya/OneDrive/Documentos/ferreteria-abrinal-web/v2-laravel/vendor/laravel/framework/src/Illuminate/Pipeline/Pipeline.php(219): Illuminate/Foundation/Http/Middleware/InvokeDeferredCallbacks->handle()
#47 C:/Users/amaya/OneDrive/Documentos/ferreteria-abrinal-web/v2-laravel/vendor/laravel/framework/src/Illuminate/Http/Middleware/ValidatePathEncoding.php(26): Illuminate/Pipeline/Pipeline->{closure:{closure:Illuminate/Pipeline/Pipeline::carry():194}:195}()
#48 C:/Users/amaya/OneDrive/Documentos/ferreteria-abrinal-web/v2-laravel/vendor/laravel/framework/src/Illuminate/Pipeline/Pipeline.php(219): Illuminate/Http/Middleware/ValidatePathEncoding->handle()
#49 C:/Users/amaya/OneDrive/Documentos/ferreteria-abrinal-web/v2-laravel/vendor/laravel/framework/src/Illuminate/Pipeline/Pipeline.php(137): Illuminate/Pipeline/Pipeline->{closure:{closure:Illuminate/Pipeline/Pipeline::carry():194}:195}()
#50 C:/Users/amaya/OneDrive/Documentos/ferreteria-abrinal-web/v2-laravel/vendor/laravel/framework/src/Illuminate/Foundation/Http/Kernel.php(175): Illuminate/Pipeline/Pipeline->then()
#51 C:/Users/amaya/OneDrive/Documentos/ferreteria-abrinal-web/v2-laravel/vendor/laravel/framework/src/Illuminate/Foundation/Http/Kernel.php(144): Illuminate/Foundation/Http/Kernel->sendRequestThroughRouter()
#52 C:/Users/amaya/OneDrive/Documentos/ferreteria-abrinal-web/v2-laravel/vendor/laravel/framework/src/Illuminate/Foundation/Application.php(1220): Illuminate/Foundation/Http/Kernel->handle()
#53 C:/Users/amaya/OneDrive/Documentos/ferreteria-abrinal-web/v2-laravel/public/index.php(15): Illuminate/Foundation/Application->handleRequest()
#54 C:/Users/amaya/OneDrive/Documentos/ferreteria-abrinal-web/v2-laravel/vendor/laravel/framework/src/Illuminate/Foundation/resources/server.php(23): require_once('...')
#55 {main}
"} 
[2026-02-23 09:34:07] local.ERROR: SQLSTATE[42P01]: Undefined table: 7 ERROR:  no existe la relación «sessions»
LINE 1: select * from "sessions" where "id" = $1 limit 1
                      ^ (Connection: pgsql, Host: 127.0.0.1, Port: 5432, Database: ferreteria_abrinal, SQL: select * from "sessions" where "id" = LlacDrahr4oII0MF7PAzjDaD6CsKYyvmzUBhEkAn limit 1) {"exception":"[object] (Illuminate\\Database\\QueryException(code: 42P01): SQLSTATE[42P01]: Undefined table: 7 ERROR:  no existe la relación «sessions»
LINE 1: select * from \"sessions\" where \"id\" = $1 limit 1
                      ^ (Connection: pgsql, Host: 127.0.0.1, Port: 5432, Database: ferreteria_abrinal, SQL: select * from \"sessions\" where \"id\" = LlacDrahr4oII0MF7PAzjDaD6CsKYyvmzUBhEkAn limit 1) at C:/Users/amaya/OneDrive/Documentos/ferreteria-abrinal-web/v2-laravel/vendor/laravel/framework/src/Illuminate/Database/Connection.php:838)
[stacktrace]
#0 C:/Users/amaya/OneDrive/Documentos/ferreteria-abrinal-web/v2-laravel/vendor/laravel/framework/src/Illuminate/Database/Connection.php(794): Illuminate/Database/Connection->runQueryCallback()
#1 C:/Users/amaya/OneDrive/Documentos/ferreteria-abrinal-web/v2-laravel/vendor/laravel/framework/src/Illuminate/Database/Connection.php(411): Illuminate/Database/Connection->run()
#2 C:/Users/amaya/OneDrive/Documentos/ferreteria-abrinal-web/v2-laravel/vendor/laravel/framework/src/Illuminate/Database/Query/Builder.php(3438): Illuminate/Database/Connection->select()
#3 C:/Users/amaya/OneDrive/Documentos/ferreteria-abrinal-web/v2-laravel/vendor/laravel/framework/src/Illuminate/Database/Query/Builder.php(3423): Illuminate/Database/Query/Builder->runSelect()
#4 C:/Users/amaya/OneDrive/Documentos/ferreteria-abrinal-web/v2-laravel/vendor/laravel/framework/src/Illuminate/Database/Query/Builder.php(4013): Illuminate/Database/Query/Builder->{closure:Illuminate/Database/Query/Builder::get():3422}()
#5 C:/Users/amaya/OneDrive/Documentos/ferreteria-abrinal-web/v2-laravel/vendor/laravel/framework/src/Illuminate/Database/Query/Builder.php(3422): Illuminate/Database/Query/Builder->onceWithColumns()
#6 C:/Users/amaya/OneDrive/Documentos/ferreteria-abrinal-web/v2-laravel/vendor/laravel/framework/src/Illuminate/Database/Concerns/BuildsQueries.php(366): Illuminate/Database/Query/Builder->get()
#7 C:/Users/amaya/OneDrive/Documentos/ferreteria-abrinal-web/v2-laravel/vendor/laravel/framework/src/Illuminate/Database/Query/Builder.php(3345): Illuminate/Database/Query/Builder->first()
#8 C:/Users/amaya/OneDrive/Documentos/ferreteria-abrinal-web/v2-laravel/vendor/laravel/framework/src/Illuminate/Session/DatabaseSessionHandler.php(96): Illuminate/Database/Query/Builder->find()
#9 C:/Users/amaya/OneDrive/Documentos/ferreteria-abrinal-web/v2-laravel/vendor/laravel/framework/src/Illuminate/Session/Store.php(128): Illuminate/Session/DatabaseSessionHandler->read()
#10 C:/Users/amaya/OneDrive/Documentos/ferreteria-abrinal-web/v2-laravel/vendor/laravel/framework/src/Illuminate/Session/Store.php(116): Illuminate/Session/Store->readFromHandler()
#11 C:/Users/amaya/OneDrive/Documentos/ferreteria-abrinal-web/v2-laravel/vendor/laravel/framework/src/Illuminate/Session/Store.php(100): Illuminate/Session/Store->loadSession()
#12 C:/Users/amaya/OneDrive/Documentos/ferreteria-abrinal-web/v2-laravel/vendor/laravel/framework/src/Illuminate/Session/Middleware/StartSession.php(146): Illuminate/Session/Store->start()
#13 C:/Users/amaya/OneDrive/Documentos/ferreteria-abrinal-web/v2-laravel/vendor/laravel/framework/src/Illuminate/Support/helpers.php(388): Illuminate/Session/Middleware/StartSession->{closure:Illuminate/Session/Middleware/StartSession::startSession():143}()
#14 C:/Users/amaya/OneDrive/Documentos/ferreteria-abrinal-web/v2-laravel/vendor/laravel/framework/src/Illuminate/Session/Middleware/StartSession.php(143): tap()
#15 C:/Users/amaya/OneDrive/Documentos/ferreteria-abrinal-web/v2-laravel/vendor/laravel/framework/src/Illuminate/Session/Middleware/StartSession.php(115): Illuminate/Session/Middleware/StartSession->startSession()
#16 C:/Users/amaya/OneDrive/Documentos/ferreteria-abrinal-web/v2-laravel/vendor/laravel/framework/src/Illuminate/Session/Middleware/StartSession.php(63): Illuminate/Session/Middleware/StartSession->handleStatefulRequest()
#17 C:/Users/amaya/OneDrive/Documentos/ferreteria-abrinal-web/v2-laravel/vendor/laravel/framework/src/Illuminate/Pipeline/Pipeline.php(219): Illuminate/Session/Middleware/StartSession->handle()
#18 C:/Users/amaya/OneDrive/Documentos/ferreteria-abrinal-web/v2-laravel/vendor/laravel/framework/src/Illuminate/Cookie/Middleware/AddQueuedCookiesToResponse.php(36): Illuminate/Pipeline/Pipeline->{closure:{closure:Illuminate/Pipeline/Pipeline::carry():194}:195}()
#19 C:/Users/amaya/OneDrive/Documentos/ferreteria-abrinal-web/v2-laravel/vendor/laravel/framework/src/Illuminate/Pipeline/Pipeline.php(219): Illuminate/Cookie/Middleware/AddQueuedCookiesToResponse->handle()
#20 C:/Users/amaya/OneDrive/Documentos/ferreteria-abrinal-web/v2-laravel/vendor/laravel/framework/src/Illuminate/Cookie/Middleware/EncryptCookies.php(74): Illuminate/Pipeline/Pipeline->{closure:{closure:Illuminate/Pipeline/Pipeline::carry():194}:195}()
#21 C:/Users/amaya/OneDrive/Documentos/ferreteria-abrinal-web/v2-laravel/vendor/laravel/framework/src/Illuminate/Pipeline/Pipeline.php(219): Illuminate/Cookie/Middleware/EncryptCookies->handle()
#22 C:/Users/amaya/OneDrive/Documentos/ferreteria-abrinal-web/v2-laravel/vendor/laravel/framework/src/Illuminate/Pipeline/Pipeline.php(137): Illuminate/Pipeline/Pipeline->{closure:{closure:Illuminate/Pipeline/Pipeline::carry():194}:195}()
#23 C:/Users/amaya/OneDrive/Documentos/ferreteria-abrinal-web/v2-laravel/vendor/laravel/framework/src/Illuminate/Routing/Router.php(821): Illuminate/Pipeline/Pipeline->then()
#24 C:/Users/amaya/OneDrive/Documentos/ferreteria-abrinal-web/v2-laravel/vendor/laravel/framework/src/Illuminate/Routing/Router.php(800): Illuminate/Routing/Router->runRouteWithinStack()
#25 C:/Users/amaya/OneDrive/Documentos/ferreteria-abrinal-web/v2-laravel/vendor/laravel/framework/src/Illuminate/Routing/Router.php(764): Illuminate/Routing/Router->runRoute()
#26 C:/Users/amaya/OneDrive/Documentos/ferreteria-abrinal-web/v2-laravel/vendor/laravel/framework/src/Illuminate/Routing/Router.php(753): Illuminate/Routing/Router->dispatchToRoute()
#27 C:/Users/amaya/OneDrive/Documentos/ferreteria-abrinal-web/v2-laravel/vendor/laravel/framework/src/Illuminate/Foundation/Http/Kernel.php(200): Illuminate/Routing/Router->dispatch()
#28 C:/Users/amaya/OneDrive/Documentos/ferreteria-abrinal-web/v2-laravel/vendor/laravel/framework/src/Illuminate/Pipeline/Pipeline.php(180): Illuminate/Foundation/Http/Kernel->{closure:Illuminate/Foundation/Http/Kernel::dispatchToRouter():197}()
#29 C:/Users/amaya/OneDrive/Documentos/ferreteria-abrinal-web/v2-laravel/vendor/laravel/framework/src/Illuminate/Foundation/Http/Middleware/TransformsRequest.php(21): Illuminate/Pipeline/Pipeline->{closure:Illuminate/Pipeline/Pipeline::prepareDestination():178}()
#30 C:/Users/amaya/OneDrive/Documentos/ferreteria-abrinal-web/v2-laravel/vendor/laravel/framework/src/Illuminate/Foundation/Http/Middleware/ConvertEmptyStringsToNull.php(31): Illuminate/Foundation/Http/Middleware/TransformsRequest->handle()
#31 C:/Users/amaya/OneDrive/Documentos/ferreteria-abrinal-web/v2-laravel/vendor/laravel/framework/src/Illuminate/Pipeline/Pipeline.php(219): Illuminate/Foundation/Http/Middleware/ConvertEmptyStringsToNull->handle()
#32 C:/Users/amaya/OneDrive/Documentos/ferreteria-abrinal-web/v2-laravel/vendor/laravel/framework/src/Illuminate/Foundation/Http/Middleware/TransformsRequest.php(21): Illuminate/Pipeline/Pipeline->{closure:{closure:Illuminate/Pipeline/Pipeline::carry():194}:195}()
#33 C:/Users/amaya/OneDrive/Documentos/ferreteria-abrinal-web/v2-laravel/vendor/laravel/framework/src/Illuminate/Foundation/Http/Middleware/TrimStrings.php(51): Illuminate/Foundation/Http/Middleware/TransformsRequest->handle()
#34 C:/Users/amaya/OneDrive/Documentos/ferreteria-abrinal-web/v2-laravel/vendor/laravel/framework/src/Illuminate/Pipeline/Pipeline.php(219): Illuminate/Foundation/Http/Middleware/TrimStrings->handle()
#35 C:/Users/amaya/OneDrive/Documentos/ferreteria-abrinal-web/v2-laravel/vendor/laravel/framework/src/Illuminate/Http/Middleware/ValidatePostSize.php(27): Illuminate/Pipeline/Pipeline->{closure:{closure:Illuminate/Pipeline/Pipeline::carry():194}:195}()
#36 C:/Users/amaya/OneDrive/Documentos/ferreteria-abrinal-web/v2-laravel/vendor/laravel/framework/src/Illuminate/Pipeline/Pipeline.php(219): Illuminate/Http/Middleware/ValidatePostSize->handle()
#37 C:/Users/amaya/OneDrive/Documentos/ferreteria-abrinal-web/v2-laravel/vendor/laravel/framework/src/Illuminate/Foundation/Http/Middleware/PreventRequestsDuringMaintenance.php(109): Illuminate/Pipeline/Pipeline->{closure:{closure:Illuminate/Pipeline/Pipeline::carry():194}:195}()
#38 C:/Users/amaya/OneDrive/Documentos/ferreteria-abrinal-web/v2-laravel/vendor/laravel/framework/src/Illuminate/Pipeline/Pipeline.php(219): Illuminate/Foundation/Http/Middleware/PreventRequestsDuringMaintenance->handle()
#39 C:/Users/amaya/OneDrive/Documentos/ferreteria-abrinal-web/v2-laravel/vendor/laravel/framework/src/Illuminate/Http/Middleware/HandleCors.php(61): Illuminate/Pipeline/Pipeline->{closure:{closure:Illuminate/Pipeline/Pipeline::carry():194}:195}()
#40 C:/Users/amaya/OneDrive/Documentos/ferreteria-abrinal-web/v2-laravel/vendor/laravel/framework/src/Illuminate/Pipeline/Pipeline.php(219): Illuminate/Http/Middleware/HandleCors->handle()
#41 C:/Users/amaya/OneDrive/Documentos/ferreteria-abrinal-web/v2-laravel/vendor/laravel/framework/src/Illuminate/Http/Middleware/TrustProxies.php(58): Illuminate/Pipeline/Pipeline->{closure:{closure:Illuminate/Pipeline/Pipeline::carry():194}:195}()
#42 C:/Users/amaya/OneDrive/Documentos/ferreteria-abrinal-web/v2-laravel/vendor/laravel/framework/src/Illuminate/Pipeline/Pipeline.php(219): Illuminate/Http/Middleware/TrustProxies->handle()
#43 C:/Users/amaya/OneDrive/Documentos/ferreteria-abrinal-web/v2-laravel/vendor/laravel/framework/src/Illuminate/Foundation/Http/Middleware/InvokeDeferredCallbacks.php(22): Illuminate/Pipeline/Pipeline->{closure:{closure:Illuminate/Pipeline/Pipeline::carry():194}:195}()
#44 C:/Users/amaya/OneDrive/Documentos/ferreteria-abrinal-web/v2-laravel/vendor/laravel/framework/src/Illuminate/Pipeline/Pipeline.php(219): Illuminate/Foundation/Http/Middleware/InvokeDeferredCallbacks->handle()
#45 C:/Users/amaya/OneDrive/Documentos/ferreteria-abrinal-web/v2-laravel/vendor/laravel/framework/src/Illuminate/Http/Middleware/ValidatePathEncoding.php(26): Illuminate/Pipeline/Pipeline->{closure:{closure:Illuminate/Pipeline/Pipeline::carry():194}:195}()
#46 C:/Users/amaya/OneDrive/Documentos/ferreteria-abrinal-web/v2-laravel/vendor/laravel/framework/src/Illuminate/Pipeline/Pipeline.php(219): Illuminate/Http/Middleware/ValidatePathEncoding->handle()
#47 C:/Users/amaya/OneDrive/Documentos/ferreteria-abrinal-web/v2-laravel/vendor/laravel/framework/src/Illuminate/Pipeline/Pipeline.php(137): Illuminate/Pipeline/Pipeline->{closure:{closure:Illuminate/Pipeline/Pipeline::carry():194}:195}()
#48 C:/Users/amaya/OneDrive/Documentos/ferreteria-abrinal-web/v2-laravel/vendor/laravel/framework/src/Illuminate/Foundation/Http/Kernel.php(175): Illuminate/Pipeline/Pipeline->then()
#49 C:/Users/amaya/OneDrive/Documentos/ferreteria-abrinal-web/v2-laravel/vendor/laravel/framework/src/Illuminate/Foundation/Http/Kernel.php(144): Illuminate/Foundation/Http/Kernel->sendRequestThroughRouter()
#50 C:/Users/amaya/OneDrive/Documentos/ferreteria-abrinal-web/v2-laravel/vendor/laravel/framework/src/Illuminate/Foundation/Application.php(1220): Illuminate/Foundation/Http/Kernel->handle()
#51 C:/Users/amaya/OneDrive/Documentos/ferreteria-abrinal-web/v2-laravel/public/index.php(15): Illuminate/Foundation/Application->handleRequest()
#52 C:/Users/amaya/OneDrive/Documentos/ferreteria-abrinal-web/v2-laravel/vendor/laravel/framework/src/Illuminate/Foundation/resources/server.php(23): require_once('...')
#53 {main}

[previous exception] [object] (PDOException(code: 42P01): SQLSTATE[42P01]: Undefined table: 7 ERROR:  no existe la relación «sessions»
LINE 1: select * from \"sessions\" where \"id\" = $1 limit 1
                      ^ at C:/Users/amaya/OneDrive/Documentos/ferreteria-abrinal-web/v2-laravel/vendor/laravel/framework/src/Illuminate/Database/Connection.php:425)
[stacktrace]
#0 C:/Users/amaya/OneDrive/Documentos/ferreteria-abrinal-web/v2-laravel/vendor/laravel/framework/src/Illuminate/Database/Connection.php(425): PDOStatement->execute()
#1 C:/Users/amaya/OneDrive/Documentos/ferreteria-abrinal-web/v2-laravel/vendor/laravel/framework/src/Illuminate/Database/Connection.php(827): Illuminate/Database/Connection->{closure:Illuminate/Database/Connection::select():411}()
#2 C:/Users/amaya/OneDrive/Documentos/ferreteria-abrinal-web/v2-laravel/vendor/laravel/framework/src/Illuminate/Database/Connection.php(794): Illuminate/Database/Connection->runQueryCallback()
#3 C:/Users/amaya/OneDrive/Documentos/ferreteria-abrinal-web/v2-laravel/vendor/laravel/framework/src/Illuminate/Database/Connection.php(411): Illuminate/Database/Connection->run()
#4 C:/Users/amaya/OneDrive/Documentos/ferreteria-abrinal-web/v2-laravel/vendor/laravel/framework/src/Illuminate/Database/Query/Builder.php(3438): Illuminate/Database/Connection->select()
#5 C:/Users/amaya/OneDrive/Documentos/ferreteria-abrinal-web/v2-laravel/vendor/laravel/framework/src/Illuminate/Database/Query/Builder.php(3423): Illuminate/Database/Query/Builder->runSelect()
#6 C:/Users/amaya/OneDrive/Documentos/ferreteria-abrinal-web/v2-laravel/vendor/laravel/framework/src/Illuminate/Database/Query/Builder.php(4013): Illuminate/Database/Query/Builder->{closure:Illuminate/Database/Query/Builder::get():3422}()
#7 C:/Users/amaya/OneDrive/Documentos/ferreteria-abrinal-web/v2-laravel/vendor/laravel/framework/src/Illuminate/Database/Query/Builder.php(3422): Illuminate/Database/Query/Builder->onceWithColumns()
#8 C:/Users/amaya/OneDrive/Documentos/ferreteria-abrinal-web/v2-laravel/vendor/laravel/framework/src/Illuminate/Database/Concerns/BuildsQueries.php(366): Illuminate/Database/Query/Builder->get()
#9 C:/Users/amaya/OneDrive/Documentos/ferreteria-abrinal-web/v2-laravel/vendor/laravel/framework/src/Illuminate/Database/Query/Builder.php(3345): Illuminate/Database/Query/Builder->first()
#10 C:/Users/amaya/OneDrive/Documentos/ferreteria-abrinal-web/v2-laravel/vendor/laravel/framework/src/Illuminate/Session/DatabaseSessionHandler.php(96): Illuminate/Database/Query/Builder->find()
#11 C:/Users/amaya/OneDrive/Documentos/ferreteria-abrinal-web/v2-laravel/vendor/laravel/framework/src/Illuminate/Session/Store.php(128): Illuminate/Session/DatabaseSessionHandler->read()
#12 C:/Users/amaya/OneDrive/Documentos/ferreteria-abrinal-web/v2-laravel/vendor/laravel/framework/src/Illuminate/Session/Store.php(116): Illuminate/Session/Store->readFromHandler()
#13 C:/Users/amaya/OneDrive/Documentos/ferreteria-abrinal-web/v2-laravel/vendor/laravel/framework/src/Illuminate/Session/Store.php(100): Illuminate/Session/Store->loadSession()
#14 C:/Users/amaya/OneDrive/Documentos/ferreteria-abrinal-web/v2-laravel/vendor/laravel/framework/src/Illuminate/Session/Middleware/StartSession.php(146): Illuminate/Session/Store->start()
#15 C:/Users/amaya/OneDrive/Documentos/ferreteria-abrinal-web/v2-laravel/vendor/laravel/framework/src/Illuminate/Support/helpers.php(388): Illuminate/Session/Middleware/StartSession->{closure:Illuminate/Session/Middleware/StartSession::startSession():143}()
#16 C:/Users/amaya/OneDrive/Documentos/ferreteria-abrinal-web/v2-laravel/vendor/laravel/framework/src/Illuminate/Session/Middleware/StartSession.php(143): tap()
#17 C:/Users/amaya/OneDrive/Documentos/ferreteria-abrinal-web/v2-laravel/vendor/laravel/framework/src/Illuminate/Session/Middleware/StartSession.php(115): Illuminate/Session/Middleware/StartSession->startSession()
#18 C:/Users/amaya/OneDrive/Documentos/ferreteria-abrinal-web/v2-laravel/vendor/laravel/framework/src/Illuminate/Session/Middleware/StartSession.php(63): Illuminate/Session/Middleware/StartSession->handleStatefulRequest()
#19 C:/Users/amaya/OneDrive/Documentos/ferreteria-abrinal-web/v2-laravel/vendor/laravel/framework/src/Illuminate/Pipeline/Pipeline.php(219): Illuminate/Session/Middleware/StartSession->handle()
#20 C:/Users/amaya/OneDrive/Documentos/ferreteria-abrinal-web/v2-laravel/vendor/laravel/framework/src/Illuminate/Cookie/Middleware/AddQueuedCookiesToResponse.php(36): Illuminate/Pipeline/Pipeline->{closure:{closure:Illuminate/Pipeline/Pipeline::carry():194}:195}()
#21 C:/Users/amaya/OneDrive/Documentos/ferreteria-abrinal-web/v2-laravel/vendor/laravel/framework/src/Illuminate/Pipeline/Pipeline.php(219): Illuminate/Cookie/Middleware/AddQueuedCookiesToResponse->handle()
#22 C:/Users/amaya/OneDrive/Documentos/ferreteria-abrinal-web/v2-laravel/vendor/laravel/framework/src/Illuminate/Cookie/Middleware/EncryptCookies.php(74): Illuminate/Pipeline/Pipeline->{closure:{closure:Illuminate/Pipeline/Pipeline::carry():194}:195}()
#23 C:/Users/amaya/OneDrive/Documentos/ferreteria-abrinal-web/v2-laravel/vendor/laravel/framework/src/Illuminate/Pipeline/Pipeline.php(219): Illuminate/Cookie/Middleware/EncryptCookies->handle()
#24 C:/Users/amaya/OneDrive/Documentos/ferreteria-abrinal-web/v2-laravel/vendor/laravel/framework/src/Illuminate/Pipeline/Pipeline.php(137): Illuminate/Pipeline/Pipeline->{closure:{closure:Illuminate/Pipeline/Pipeline::carry():194}:195}()
#25 C:/Users/amaya/OneDrive/Documentos/ferreteria-abrinal-web/v2-laravel/vendor/laravel/framework/src/Illuminate/Routing/Router.php(821): Illuminate/Pipeline/Pipeline->then()
#26 C:/Users/amaya/OneDrive/Documentos/ferreteria-abrinal-web/v2-laravel/vendor/laravel/framework/src/Illuminate/Routing/Router.php(800): Illuminate/Routing/Router->runRouteWithinStack()
#27 C:/Users/amaya/OneDrive/Documentos/ferreteria-abrinal-web/v2-laravel/vendor/laravel/framework/src/Illuminate/Routing/Router.php(764): Illuminate/Routing/Router->runRoute()
#28 C:/Users/amaya/OneDrive/Documentos/ferreteria-abrinal-web/v2-laravel/vendor/laravel/framework/src/Illuminate/Routing/Router.php(753): Illuminate/Routing/Router->dispatchToRoute()
#29 C:/Users/amaya/OneDrive/Documentos/ferreteria-abrinal-web/v2-laravel/vendor/laravel/framework/src/Illuminate/Foundation/Http/Kernel.php(200): Illuminate/Routing/Router->dispatch()
#30 C:/Users/amaya/OneDrive/Documentos/ferreteria-abrinal-web/v2-laravel/vendor/laravel/framework/src/Illuminate/Pipeline/Pipeline.php(180): Illuminate/Foundation/Http/Kernel->{closure:Illuminate/Foundation/Http/Kernel::dispatchToRouter():197}()
#31 C:/Users/amaya/OneDrive/Documentos/ferreteria-abrinal-web/v2-laravel/vendor/laravel/framework/src/Illuminate/Foundation/Http/Middleware/TransformsRequest.php(21): Illuminate/Pipeline/Pipeline->{closure:Illuminate/Pipeline/Pipeline::prepareDestination():178}()
#32 C:/Users/amaya/OneDrive/Documentos/ferreteria-abrinal-web/v2-laravel/vendor/laravel/framework/src/Illuminate/Foundation/Http/Middleware/ConvertEmptyStringsToNull.php(31): Illuminate/Foundation/Http/Middleware/TransformsRequest->handle()
#33 C:/Users/amaya/OneDrive/Documentos/ferreteria-abrinal-web/v2-laravel/vendor/laravel/framework/src/Illuminate/Pipeline/Pipeline.php(219): Illuminate/Foundation/Http/Middleware/ConvertEmptyStringsToNull->handle()
#34 C:/Users/amaya/OneDrive/Documentos/ferreteria-abrinal-web/v2-laravel/vendor/laravel/framework/src/Illuminate/Foundation/Http/Middleware/TransformsRequest.php(21): Illuminate/Pipeline/Pipeline->{closure:{closure:Illuminate/Pipeline/Pipeline::carry():194}:195}()
#35 C:/Users/amaya/OneDrive/Documentos/ferreteria-abrinal-web/v2-laravel/vendor/laravel/framework/src/Illuminate/Foundation/Http/Middleware/TrimStrings.php(51): Illuminate/Foundation/Http/Middleware/TransformsRequest->handle()
#36 C:/Users/amaya/OneDrive/Documentos/ferreteria-abrinal-web/v2-laravel/vendor/laravel/framework/src/Illuminate/Pipeline/Pipeline.php(219): Illuminate/Foundation/Http/Middleware/TrimStrings->handle()
#37 C:/Users/amaya/OneDrive/Documentos/ferreteria-abrinal-web/v2-laravel/vendor/laravel/framework/src/Illuminate/Http/Middleware/ValidatePostSize.php(27): Illuminate/Pipeline/Pipeline->{closure:{closure:Illuminate/Pipeline/Pipeline::carry():194}:195}()
#38 C:/Users/amaya/OneDrive/Documentos/ferreteria-abrinal-web/v2-laravel/vendor/laravel/framework/src/Illuminate/Pipeline/Pipeline.php(219): Illuminate/Http/Middleware/ValidatePostSize->handle()
#39 C:/Users/amaya/OneDrive/Documentos/ferreteria-abrinal-web/v2-laravel/vendor/laravel/framework/src/Illuminate/Foundation/Http/Middleware/PreventRequestsDuringMaintenance.php(109): Illuminate/Pipeline/Pipeline->{closure:{closure:Illuminate/Pipeline/Pipeline::carry():194}:195}()
#40 C:/Users/amaya/OneDrive/Documentos/ferreteria-abrinal-web/v2-laravel/vendor/laravel/framework/src/Illuminate/Pipeline/Pipeline.php(219): Illuminate/Foundation/Http/Middleware/PreventRequestsDuringMaintenance->handle()
#41 C:/Users/amaya/OneDrive/Documentos/ferreteria-abrinal-web/v2-laravel/vendor/laravel/framework/src/Illuminate/Http/Middleware/HandleCors.php(61): Illuminate/Pipeline/Pipeline->{closure:{closure:Illuminate/Pipeline/Pipeline::carry():194}:195}()
#42 C:/Users/amaya/OneDrive/Documentos/ferreteria-abrinal-web/v2-laravel/vendor/laravel/framework/src/Illuminate/Pipeline/Pipeline.php(219): Illuminate/Http/Middleware/HandleCors->handle()
#43 C:/Users/amaya/OneDrive/Documentos/ferreteria-abrinal-web/v2-laravel/vendor/laravel/framework/src/Illuminate/Http/Middleware/TrustProxies.php(58): Illuminate/Pipeline/Pipeline->{closure:{closure:Illuminate/Pipeline/Pipeline::carry():194}:195}()
#44 C:/Users/amaya/OneDrive/Documentos/ferreteria-abrinal-web/v2-laravel/vendor/laravel/framework/src/Illuminate/Pipeline/Pipeline.php(219): Illuminate/Http/Middleware/TrustProxies->handle()
#45 C:/Users/amaya/OneDrive/Documentos/ferreteria-abrinal-web/v2-laravel/vendor/laravel/framework/src/Illuminate/Foundation/Http/Middleware/InvokeDeferredCallbacks.php(22): Illuminate/Pipeline/Pipeline->{closure:{closure:Illuminate/Pipeline/Pipeline::carry():194}:195}()
#46 C:/Users/amaya/OneDrive/Documentos/ferreteria-abrinal-web/v2-laravel/vendor/laravel/framework/src/Illuminate/Pipeline/Pipeline.php(219): Illuminate/Foundation/Http/Middleware/InvokeDeferredCallbacks->handle()
#47 C:/Users/amaya/OneDrive/Documentos/ferreteria-abrinal-web/v2-laravel/vendor/laravel/framework/src/Illuminate/Http/Middleware/ValidatePathEncoding.php(26): Illuminate/Pipeline/Pipeline->{closure:{closure:Illuminate/Pipeline/Pipeline::carry():194}:195}()
#48 C:/Users/amaya/OneDrive/Documentos/ferreteria-abrinal-web/v2-laravel/vendor/laravel/framework/src/Illuminate/Pipeline/Pipeline.php(219): Illuminate/Http/Middleware/ValidatePathEncoding->handle()
#49 C:/Users/amaya/OneDrive/Documentos/ferreteria-abrinal-web/v2-laravel/vendor/laravel/framework/src/Illuminate/Pipeline/Pipeline.php(137): Illuminate/Pipeline/Pipeline->{closure:{closure:Illuminate/Pipeline/Pipeline::carry():194}:195}()
#50 C:/Users/amaya/OneDrive/Documentos/ferreteria-abrinal-web/v2-laravel/vendor/laravel/framework/src/Illuminate/Foundation/Http/Kernel.php(175): Illuminate/Pipeline/Pipeline->then()
#51 C:/Users/amaya/OneDrive/Documentos/ferreteria-abrinal-web/v2-laravel/vendor/laravel/framework/src/Illuminate/Foundation/Http/Kernel.php(144): Illuminate/Foundation/Http/Kernel->sendRequestThroughRouter()
#52 C:/Users/amaya/OneDrive/Documentos/ferreteria-abrinal-web/v2-laravel/vendor/laravel/framework/src/Illuminate/Foundation/Application.php(1220): Illuminate/Foundation/Http/Kernel->handle()
#53 C:/Users/amaya/OneDrive/Documentos/ferreteria-abrinal-web/v2-laravel/public/index.php(15): Illuminate/Foundation/Application->handleRequest()
#54 C:/Users/amaya/OneDrive/Documentos/ferreteria-abrinal-web/v2-laravel/vendor/laravel/framework/src/Illuminate/Foundation/resources/server.php(23): require_once('...')
#55 {main}
"} 
[2026-02-23 09:34:21] local.ERROR: SQLSTATE[42P01]: Undefined table: 7 ERROR:  no existe la relación «sessions»
LINE 1: select * from "sessions" where "id" = $1 limit 1
                      ^ (Connection: pgsql, Host: 127.0.0.1, Port: 5432, Database: ferreteria_abrinal, SQL: select * from "sessions" where "id" = 6Z2yiCQG2NEp7ciof5lVaFaq4uBhDqm8X6QTHNw3 limit 1) {"exception":"[object] (Illuminate\\Database\\QueryException(code: 42P01): SQLSTATE[42P01]: Undefined table: 7 ERROR:  no existe la relación «sessions»
LINE 1: select * from \"sessions\" where \"id\" = $1 limit 1
                      ^ (Connection: pgsql, Host: 127.0.0.1, Port: 5432, Database: ferreteria_abrinal, SQL: select * from \"sessions\" where \"id\" = 6Z2yiCQG2NEp7ciof5lVaFaq4uBhDqm8X6QTHNw3 limit 1) at C:/Users/amaya/OneDrive/Documentos/ferreteria-abrinal-web/v2-laravel/vendor/laravel/framework/src/Illuminate/Database/Connection.php:838)
[stacktrace]
#0 C:/Users/amaya/OneDrive/Documentos/ferreteria-abrinal-web/v2-laravel/vendor/laravel/framework/src/Illuminate/Database/Connection.php(794): Illuminate/Database/Connection->runQueryCallback()
#1 C:/Users/amaya/OneDrive/Documentos/ferreteria-abrinal-web/v2-laravel/vendor/laravel/framework/src/Illuminate/Database/Connection.php(411): Illuminate/Database/Connection->run()
#2 C:/Users/amaya/OneDrive/Documentos/ferreteria-abrinal-web/v2-laravel/vendor/laravel/framework/src/Illuminate/Database/Query/Builder.php(3438): Illuminate/Database/Connection->select()
#3 C:/Users/amaya/OneDrive/Documentos/ferreteria-abrinal-web/v2-laravel/vendor/laravel/framework/src/Illuminate/Database/Query/Builder.php(3423): Illuminate/Database/Query/Builder->runSelect()
#4 C:/Users/amaya/OneDrive/Documentos/ferreteria-abrinal-web/v2-laravel/vendor/laravel/framework/src/Illuminate/Database/Query/Builder.php(4013): Illuminate/Database/Query/Builder->{closure:Illuminate/Database/Query/Builder::get():3422}()
#5 C:/Users/amaya/OneDrive/Documentos/ferreteria-abrinal-web/v2-laravel/vendor/laravel/framework/src/Illuminate/Database/Query/Builder.php(3422): Illuminate/Database/Query/Builder->onceWithColumns()
#6 C:/Users/amaya/OneDrive/Documentos/ferreteria-abrinal-web/v2-laravel/vendor/laravel/framework/src/Illuminate/Database/Concerns/BuildsQueries.php(366): Illuminate/Database/Query/Builder->get()
#7 C:/Users/amaya/OneDrive/Documentos/ferreteria-abrinal-web/v2-laravel/vendor/laravel/framework/src/Illuminate/Database/Query/Builder.php(3345): Illuminate/Database/Query/Builder->first()
#8 C:/Users/amaya/OneDrive/Documentos/ferreteria-abrinal-web/v2-laravel/vendor/laravel/framework/src/Illuminate/Session/DatabaseSessionHandler.php(96): Illuminate/Database/Query/Builder->find()
#9 C:/Users/amaya/OneDrive/Documentos/ferreteria-abrinal-web/v2-laravel/vendor/laravel/framework/src/Illuminate/Session/Store.php(128): Illuminate/Session/DatabaseSessionHandler->read()
#10 C:/Users/amaya/OneDrive/Documentos/ferreteria-abrinal-web/v2-laravel/vendor/laravel/framework/src/Illuminate/Session/Store.php(116): Illuminate/Session/Store->readFromHandler()
#11 C:/Users/amaya/OneDrive/Documentos/ferreteria-abrinal-web/v2-laravel/vendor/laravel/framework/src/Illuminate/Session/Store.php(100): Illuminate/Session/Store->loadSession()
#12 C:/Users/amaya/OneDrive/Documentos/ferreteria-abrinal-web/v2-laravel/vendor/laravel/framework/src/Illuminate/Session/Middleware/StartSession.php(146): Illuminate/Session/Store->start()
#13 C:/Users/amaya/OneDrive/Documentos/ferreteria-abrinal-web/v2-laravel/vendor/laravel/framework/src/Illuminate/Support/helpers.php(388): Illuminate/Session/Middleware/StartSession->{closure:Illuminate/Session/Middleware/StartSession::startSession():143}()
#14 C:/Users/amaya/OneDrive/Documentos/ferreteria-abrinal-web/v2-laravel/vendor/laravel/framework/src/Illuminate/Session/Middleware/StartSession.php(143): tap()
#15 C:/Users/amaya/OneDrive/Documentos/ferreteria-abrinal-web/v2-laravel/vendor/laravel/framework/src/Illuminate/Session/Middleware/StartSession.php(115): Illuminate/Session/Middleware/StartSession->startSession()
#16 C:/Users/amaya/OneDrive/Documentos/ferreteria-abrinal-web/v2-laravel/vendor/laravel/framework/src/Illuminate/Session/Middleware/StartSession.php(63): Illuminate/Session/Middleware/StartSession->handleStatefulRequest()
#17 C:/Users/amaya/OneDrive/Documentos/ferreteria-abrinal-web/v2-laravel/vendor/laravel/framework/src/Illuminate/Pipeline/Pipeline.php(219): Illuminate/Session/Middleware/StartSession->handle()
#18 C:/Users/amaya/OneDrive/Documentos/ferreteria-abrinal-web/v2-laravel/vendor/laravel/framework/src/Illuminate/Cookie/Middleware/AddQueuedCookiesToResponse.php(36): Illuminate/Pipeline/Pipeline->{closure:{closure:Illuminate/Pipeline/Pipeline::carry():194}:195}()
#19 C:/Users/amaya/OneDrive/Documentos/ferreteria-abrinal-web/v2-laravel/vendor/laravel/framework/src/Illuminate/Pipeline/Pipeline.php(219): Illuminate/Cookie/Middleware/AddQueuedCookiesToResponse->handle()
#20 C:/Users/amaya/OneDrive/Documentos/ferreteria-abrinal-web/v2-laravel/vendor/laravel/framework/src/Illuminate/Cookie/Middleware/EncryptCookies.php(74): Illuminate/Pipeline/Pipeline->{closure:{closure:Illuminate/Pipeline/Pipeline::carry():194}:195}()
#21 C:/Users/amaya/OneDrive/Documentos/ferreteria-abrinal-web/v2-laravel/vendor/laravel/framework/src/Illuminate/Pipeline/Pipeline.php(219): Illuminate/Cookie/Middleware/EncryptCookies->handle()
#22 C:/Users/amaya/OneDrive/Documentos/ferreteria-abrinal-web/v2-laravel/vendor/laravel/framework/src/Illuminate/Pipeline/Pipeline.php(137): Illuminate/Pipeline/Pipeline->{closure:{closure:Illuminate/Pipeline/Pipeline::carry():194}:195}()
#23 C:/Users/amaya/OneDrive/Documentos/ferreteria-abrinal-web/v2-laravel/vendor/laravel/framework/src/Illuminate/Routing/Router.php(821): Illuminate/Pipeline/Pipeline->then()
#24 C:/Users/amaya/OneDrive/Documentos/ferreteria-abrinal-web/v2-laravel/vendor/laravel/framework/src/Illuminate/Routing/Router.php(800): Illuminate/Routing/Router->runRouteWithinStack()
#25 C:/Users/amaya/OneDrive/Documentos/ferreteria-abrinal-web/v2-laravel/vendor/laravel/framework/src/Illuminate/Routing/Router.php(764): Illuminate/Routing/Router->runRoute()
#26 C:/Users/amaya/OneDrive/Documentos/ferreteria-abrinal-web/v2-laravel/vendor/laravel/framework/src/Illuminate/Routing/Router.php(753): Illuminate/Routing/Router->dispatchToRoute()
#27 C:/Users/amaya/OneDrive/Documentos/ferreteria-abrinal-web/v2-laravel/vendor/laravel/framework/src/Illuminate/Foundation/Http/Kernel.php(200): Illuminate/Routing/Router->dispatch()
#28 C:/Users/amaya/OneDrive/Documentos/ferreteria-abrinal-web/v2-laravel/vendor/laravel/framework/src/Illuminate/Pipeline/Pipeline.php(180): Illuminate/Foundation/Http/Kernel->{closure:Illuminate/Foundation/Http/Kernel::dispatchToRouter():197}()
#29 C:/Users/amaya/OneDrive/Documentos/ferreteria-abrinal-web/v2-laravel/vendor/laravel/framework/src/Illuminate/Foundation/Http/Middleware/TransformsRequest.php(21): Illuminate/Pipeline/Pipeline->{closure:Illuminate/Pipeline/Pipeline::prepareDestination():178}()
#30 C:/Users/amaya/OneDrive/Documentos/ferreteria-abrinal-web/v2-laravel/vendor/laravel/framework/src/Illuminate/Foundation/Http/Middleware/ConvertEmptyStringsToNull.php(31): Illuminate/Foundation/Http/Middleware/TransformsRequest->handle()
#31 C:/Users/amaya/OneDrive/Documentos/ferreteria-abrinal-web/v2-laravel/vendor/laravel/framework/src/Illuminate/Pipeline/Pipeline.php(219): Illuminate/Foundation/Http/Middleware/ConvertEmptyStringsToNull->handle()
#32 C:/Users/amaya/OneDrive/Documentos/ferreteria-abrinal-web/v2-laravel/vendor/laravel/framework/src/Illuminate/Foundation/Http/Middleware/TransformsRequest.php(21): Illuminate/Pipeline/Pipeline->{closure:{closure:Illuminate/Pipeline/Pipeline::carry():194}:195}()
#33 C:/Users/amaya/OneDrive/Documentos/ferreteria-abrinal-web/v2-laravel/vendor/laravel/framework/src/Illuminate/Foundation/Http/Middleware/TrimStrings.php(51): Illuminate/Foundation/Http/Middleware/TransformsRequest->handle()
#34 C:/Users/amaya/OneDrive/Documentos/ferreteria-abrinal-web/v2-laravel/vendor/laravel/framework/src/Illuminate/Pipeline/Pipeline.php(219): Illuminate/Foundation/Http/Middleware/TrimStrings->handle()
#35 C:/Users/amaya/OneDrive/Documentos/ferreteria-abrinal-web/v2-laravel/vendor/laravel/framework/src/Illuminate/Http/Middleware/ValidatePostSize.php(27): Illuminate/Pipeline/Pipeline->{closure:{closure:Illuminate/Pipeline/Pipeline::carry():194}:195}()
#36 C:/Users/amaya/OneDrive/Documentos/ferreteria-abrinal-web/v2-laravel/vendor/laravel/framework/src/Illuminate/Pipeline/Pipeline.php(219): Illuminate/Http/Middleware/ValidatePostSize->handle()
#37 C:/Users/amaya/OneDrive/Documentos/ferreteria-abrinal-web/v2-laravel/vendor/laravel/framework/src/Illuminate/Foundation/Http/Middleware/PreventRequestsDuringMaintenance.php(109): Illuminate/Pipeline/Pipeline->{closure:{closure:Illuminate/Pipeline/Pipeline::carry():194}:195}()
#38 C:/Users/amaya/OneDrive/Documentos/ferreteria-abrinal-web/v2-laravel/vendor/laravel/framework/src/Illuminate/Pipeline/Pipeline.php(219): Illuminate/Foundation/Http/Middleware/PreventRequestsDuringMaintenance->handle()
#39 C:/Users/amaya/OneDrive/Documentos/ferreteria-abrinal-web/v2-laravel/vendor/laravel/framework/src/Illuminate/Http/Middleware/HandleCors.php(61): Illuminate/Pipeline/Pipeline->{closure:{closure:Illuminate/Pipeline/Pipeline::carry():194}:195}()
#40 C:/Users/amaya/OneDrive/Documentos/ferreteria-abrinal-web/v2-laravel/vendor/laravel/framework/src/Illuminate/Pipeline/Pipeline.php(219): Illuminate/Http/Middleware/HandleCors->handle()
#41 C:/Users/amaya/OneDrive/Documentos/ferreteria-abrinal-web/v2-laravel/vendor/laravel/framework/src/Illuminate/Http/Middleware/TrustProxies.php(58): Illuminate/Pipeline/Pipeline->{closure:{closure:Illuminate/Pipeline/Pipeline::carry():194}:195}()
#42 C:/Users/amaya/OneDrive/Documentos/ferreteria-abrinal-web/v2-laravel/vendor/laravel/framework/src/Illuminate/Pipeline/Pipeline.php(219): Illuminate/Http/Middleware/TrustProxies->handle()
#43 C:/Users/amaya/OneDrive/Documentos/ferreteria-abrinal-web/v2-laravel/vendor/laravel/framework/src/Illuminate/Foundation/Http/Middleware/InvokeDeferredCallbacks.php(22): Illuminate/Pipeline/Pipeline->{closure:{closure:Illuminate/Pipeline/Pipeline::carry():194}:195}()
#44 C:/Users/amaya/OneDrive/Documentos/ferreteria-abrinal-web/v2-laravel/vendor/laravel/framework/src/Illuminate/Pipeline/Pipeline.php(219): Illuminate/Foundation/Http/Middleware/InvokeDeferredCallbacks->handle()
#45 C:/Users/amaya/OneDrive/Documentos/ferreteria-abrinal-web/v2-laravel/vendor/laravel/framework/src/Illuminate/Http/Middleware/ValidatePathEncoding.php(26): Illuminate/Pipeline/Pipeline->{closure:{closure:Illuminate/Pipeline/Pipeline::carry():194}:195}()
#46 C:/Users/amaya/OneDrive/Documentos/ferreteria-abrinal-web/v2-laravel/vendor/laravel/framework/src/Illuminate/Pipeline/Pipeline.php(219): Illuminate/Http/Middleware/ValidatePathEncoding->handle()
#47 C:/Users/amaya/OneDrive/Documentos/ferreteria-abrinal-web/v2-laravel/vendor/laravel/framework/src/Illuminate/Pipeline/Pipeline.php(137): Illuminate/Pipeline/Pipeline->{closure:{closure:Illuminate/Pipeline/Pipeline::carry():194}:195}()
#48 C:/Users/amaya/OneDrive/Documentos/ferreteria-abrinal-web/v2-laravel/vendor/laravel/framework/src/Illuminate/Foundation/Http/Kernel.php(175): Illuminate/Pipeline/Pipeline->then()
#49 C:/Users/amaya/OneDrive/Documentos/ferreteria-abrinal-web/v2-laravel/vendor/laravel/framework/src/Illuminate/Foundation/Http/Kernel.php(144): Illuminate/Foundation/Http/Kernel->sendRequestThroughRouter()
#50 C:/Users/amaya/OneDrive/Documentos/ferreteria-abrinal-web/v2-laravel/vendor/laravel/framework/src/Illuminate/Foundation/Application.php(1220): Illuminate/Foundation/Http/Kernel->handle()
#51 C:/Users/amaya/OneDrive/Documentos/ferreteria-abrinal-web/v2-laravel/public/index.php(15): Illuminate/Foundation/Application->handleRequest()
#52 C:/Users/amaya/OneDrive/Documentos/ferreteria-abrinal-web/v2-laravel/vendor/laravel/framework/src/Illuminate/Foundation/resources/server.php(23): require_once('...')
#53 {main}

[previous exception] [object] (PDOException(code: 42P01): SQLSTATE[42P01]: Undefined table: 7 ERROR:  no existe la relación «sessions»
LINE 1: select * from \"sessions\" where \"id\" = $1 limit 1
                      ^ at C:/Users/amaya/OneDrive/Documentos/ferreteria-abrinal-web/v2-laravel/vendor/laravel/framework/src/Illuminate/Database/Connection.php:425)
[stacktrace]
#0 C:/Users/amaya/OneDrive/Documentos/ferreteria-abrinal-web/v2-laravel/vendor/laravel/framework/src/Illuminate/Database/Connection.php(425): PDOStatement->execute()
#1 C:/Users/amaya/OneDrive/Documentos/ferreteria-abrinal-web/v2-laravel/vendor/laravel/framework/src/Illuminate/Database/Connection.php(827): Illuminate/Database/Connection->{closure:Illuminate/Database/Connection::select():411}()
#2 C:/Users/amaya/OneDrive/Documentos/ferreteria-abrinal-web/v2-laravel/vendor/laravel/framework/src/Illuminate/Database/Connection.php(794): Illuminate/Database/Connection->runQueryCallback()
#3 C:/Users/amaya/OneDrive/Documentos/ferreteria-abrinal-web/v2-laravel/vendor/laravel/framework/src/Illuminate/Database/Connection.php(411): Illuminate/Database/Connection->run()
#4 C:/Users/amaya/OneDrive/Documentos/ferreteria-abrinal-web/v2-laravel/vendor/laravel/framework/src/Illuminate/Database/Query/Builder.php(3438): Illuminate/Database/Connection->select()
#5 C:/Users/amaya/OneDrive/Documentos/ferreteria-abrinal-web/v2-laravel/vendor/laravel/framework/src/Illuminate/Database/Query/Builder.php(3423): Illuminate/Database/Query/Builder->runSelect()
#6 C:/Users/amaya/OneDrive/Documentos/ferreteria-abrinal-web/v2-laravel/vendor/laravel/framework/src/Illuminate/Database/Query/Builder.php(4013): Illuminate/Database/Query/Builder->{closure:Illuminate/Database/Query/Builder::get():3422}()
#7 C:/Users/amaya/OneDrive/Documentos/ferreteria-abrinal-web/v2-laravel/vendor/laravel/framework/src/Illuminate/Database/Query/Builder.php(3422): Illuminate/Database/Query/Builder->onceWithColumns()
#8 C:/Users/amaya/OneDrive/Documentos/ferreteria-abrinal-web/v2-laravel/vendor/laravel/framework/src/Illuminate/Database/Concerns/BuildsQueries.php(366): Illuminate/Database/Query/Builder->get()
#9 C:/Users/amaya/OneDrive/Documentos/ferreteria-abrinal-web/v2-laravel/vendor/laravel/framework/src/Illuminate/Database/Query/Builder.php(3345): Illuminate/Database/Query/Builder->first()
#10 C:/Users/amaya/OneDrive/Documentos/ferreteria-abrinal-web/v2-laravel/vendor/laravel/framework/src/Illuminate/Session/DatabaseSessionHandler.php(96): Illuminate/Database/Query/Builder->find()
#11 C:/Users/amaya/OneDrive/Documentos/ferreteria-abrinal-web/v2-laravel/vendor/laravel/framework/src/Illuminate/Session/Store.php(128): Illuminate/Session/DatabaseSessionHandler->read()
#12 C:/Users/amaya/OneDrive/Documentos/ferreteria-abrinal-web/v2-laravel/vendor/laravel/framework/src/Illuminate/Session/Store.php(116): Illuminate/Session/Store->readFromHandler()
#13 C:/Users/amaya/OneDrive/Documentos/ferreteria-abrinal-web/v2-laravel/vendor/laravel/framework/src/Illuminate/Session/Store.php(100): Illuminate/Session/Store->loadSession()
#14 C:/Users/amaya/OneDrive/Documentos/ferreteria-abrinal-web/v2-laravel/vendor/laravel/framework/src/Illuminate/Session/Middleware/StartSession.php(146): Illuminate/Session/Store->start()
#15 C:/Users/amaya/OneDrive/Documentos/ferreteria-abrinal-web/v2-laravel/vendor/laravel/framework/src/Illuminate/Support/helpers.php(388): Illuminate/Session/Middleware/StartSession->{closure:Illuminate/Session/Middleware/StartSession::startSession():143}()
#16 C:/Users/amaya/OneDrive/Documentos/ferreteria-abrinal-web/v2-laravel/vendor/laravel/framework/src/Illuminate/Session/Middleware/StartSession.php(143): tap()
#17 C:/Users/amaya/OneDrive/Documentos/ferreteria-abrinal-web/v2-laravel/vendor/laravel/framework/src/Illuminate/Session/Middleware/StartSession.php(115): Illuminate/Session/Middleware/StartSession->startSession()
#18 C:/Users/amaya/OneDrive/Documentos/ferreteria-abrinal-web/v2-laravel/vendor/laravel/framework/src/Illuminate/Session/Middleware/StartSession.php(63): Illuminate/Session/Middleware/StartSession->handleStatefulRequest()
#19 C:/Users/amaya/OneDrive/Documentos/ferreteria-abrinal-web/v2-laravel/vendor/laravel/framework/src/Illuminate/Pipeline/Pipeline.php(219): Illuminate/Session/Middleware/StartSession->handle()
#20 C:/Users/amaya/OneDrive/Documentos/ferreteria-abrinal-web/v2-laravel/vendor/laravel/framework/src/Illuminate/Cookie/Middleware/AddQueuedCookiesToResponse.php(36): Illuminate/Pipeline/Pipeline->{closure:{closure:Illuminate/Pipeline/Pipeline::carry():194}:195}()
#21 C:/Users/amaya/OneDrive/Documentos/ferreteria-abrinal-web/v2-laravel/vendor/laravel/framework/src/Illuminate/Pipeline/Pipeline.php(219): Illuminate/Cookie/Middleware/AddQueuedCookiesToResponse->handle()
#22 C:/Users/amaya/OneDrive/Documentos/ferreteria-abrinal-web/v2-laravel/vendor/laravel/framework/src/Illuminate/Cookie/Middleware/EncryptCookies.php(74): Illuminate/Pipeline/Pipeline->{closure:{closure:Illuminate/Pipeline/Pipeline::carry():194}:195}()
#23 C:/Users/amaya/OneDrive/Documentos/ferreteria-abrinal-web/v2-laravel/vendor/laravel/framework/src/Illuminate/Pipeline/Pipeline.php(219): Illuminate/Cookie/Middleware/EncryptCookies->handle()
#24 C:/Users/amaya/OneDrive/Documentos/ferreteria-abrinal-web/v2-laravel/vendor/laravel/framework/src/Illuminate/Pipeline/Pipeline.php(137): Illuminate/Pipeline/Pipeline->{closure:{closure:Illuminate/Pipeline/Pipeline::carry():194}:195}()
#25 C:/Users/amaya/OneDrive/Documentos/ferreteria-abrinal-web/v2-laravel/vendor/laravel/framework/src/Illuminate/Routing/Router.php(821): Illuminate/Pipeline/Pipeline->then()
#26 C:/Users/amaya/OneDrive/Documentos/ferreteria-abrinal-web/v2-laravel/vendor/laravel/framework/src/Illuminate/Routing/Router.php(800): Illuminate/Routing/Router->runRouteWithinStack()
#27 C:/Users/amaya/OneDrive/Documentos/ferreteria-abrinal-web/v2-laravel/vendor/laravel/framework/src/Illuminate/Routing/Router.php(764): Illuminate/Routing/Router->runRoute()
#28 C:/Users/amaya/OneDrive/Documentos/ferreteria-abrinal-web/v2-laravel/vendor/laravel/framework/src/Illuminate/Routing/Router.php(753): Illuminate/Routing/Router->dispatchToRoute()
#29 C:/Users/amaya/OneDrive/Documentos/ferreteria-abrinal-web/v2-laravel/vendor/laravel/framework/src/Illuminate/Foundation/Http/Kernel.php(200): Illuminate/Routing/Router->dispatch()
#30 C:/Users/amaya/OneDrive/Documentos/ferreteria-abrinal-web/v2-laravel/vendor/laravel/framework/src/Illuminate/Pipeline/Pipeline.php(180): Illuminate/Foundation/Http/Kernel->{closure:Illuminate/Foundation/Http/Kernel::dispatchToRouter():197}()
#31 C:/Users/amaya/OneDrive/Documentos/ferreteria-abrinal-web/v2-laravel/vendor/laravel/framework/src/Illuminate/Foundation/Http/Middleware/TransformsRequest.php(21): Illuminate/Pipeline/Pipeline->{closure:Illuminate/Pipeline/Pipeline::prepareDestination():178}()
#32 C:/Users/amaya/OneDrive/Documentos/ferreteria-abrinal-web/v2-laravel/vendor/laravel/framework/src/Illuminate/Foundation/Http/Middleware/ConvertEmptyStringsToNull.php(31): Illuminate/Foundation/Http/Middleware/TransformsRequest->handle()
#33 C:/Users/amaya/OneDrive/Documentos/ferreteria-abrinal-web/v2-laravel/vendor/laravel/framework/src/Illuminate/Pipeline/Pipeline.php(219): Illuminate/Foundation/Http/Middleware/ConvertEmptyStringsToNull->handle()
#34 C:/Users/amaya/OneDrive/Documentos/ferreteria-abrinal-web/v2-laravel/vendor/laravel/framework/src/Illuminate/Foundation/Http/Middleware/TransformsRequest.php(21): Illuminate/Pipeline/Pipeline->{closure:{closure:Illuminate/Pipeline/Pipeline::carry():194}:195}()
#35 C:/Users/amaya/OneDrive/Documentos/ferreteria-abrinal-web/v2-laravel/vendor/laravel/framework/src/Illuminate/Foundation/Http/Middleware/TrimStrings.php(51): Illuminate/Foundation/Http/Middleware/TransformsRequest->handle()
#36 C:/Users/amaya/OneDrive/Documentos/ferreteria-abrinal-web/v2-laravel/vendor/laravel/framework/src/Illuminate/Pipeline/Pipeline.php(219): Illuminate/Foundation/Http/Middleware/TrimStrings->handle()
#37 C:/Users/amaya/OneDrive/Documentos/ferreteria-abrinal-web/v2-laravel/vendor/laravel/framework/src/Illuminate/Http/Middleware/ValidatePostSize.php(27): Illuminate/Pipeline/Pipeline->{closure:{closure:Illuminate/Pipeline/Pipeline::carry():194}:195}()
#38 C:/Users/amaya/OneDrive/Documentos/ferreteria-abrinal-web/v2-laravel/vendor/laravel/framework/src/Illuminate/Pipeline/Pipeline.php(219): Illuminate/Http/Middleware/ValidatePostSize->handle()
#39 C:/Users/amaya/OneDrive/Documentos/ferreteria-abrinal-web/v2-laravel/vendor/laravel/framework/src/Illuminate/Foundation/Http/Middleware/PreventRequestsDuringMaintenance.php(109): Illuminate/Pipeline/Pipeline->{closure:{closure:Illuminate/Pipeline/Pipeline::carry():194}:195}()
#40 C:/Users/amaya/OneDrive/Documentos/ferreteria-abrinal-web/v2-laravel/vendor/laravel/framework/src/Illuminate/Pipeline/Pipeline.php(219): Illuminate/Foundation/Http/Middleware/PreventRequestsDuringMaintenance->handle()
#41 C:/Users/amaya/OneDrive/Documentos/ferreteria-abrinal-web/v2-laravel/vendor/laravel/framework/src/Illuminate/Http/Middleware/HandleCors.php(61): Illuminate/Pipeline/Pipeline->{closure:{closure:Illuminate/Pipeline/Pipeline::carry():194}:195}()
#42 C:/Users/amaya/OneDrive/Documentos/ferreteria-abrinal-web/v2-laravel/vendor/laravel/framework/src/Illuminate/Pipeline/Pipeline.php(219): Illuminate/Http/Middleware/HandleCors->handle()
#43 C:/Users/amaya/OneDrive/Documentos/ferreteria-abrinal-web/v2-laravel/vendor/laravel/framework/src/Illuminate/Http/Middleware/TrustProxies.php(58): Illuminate/Pipeline/Pipeline->{closure:{closure:Illuminate/Pipeline/Pipeline::carry():194}:195}()
#44 C:/Users/amaya/OneDrive/Documentos/ferreteria-abrinal-web/v2-laravel/vendor/laravel/framework/src/Illuminate/Pipeline/Pipeline.php(219): Illuminate/Http/Middleware/TrustProxies->handle()
#45 C:/Users/amaya/OneDrive/Documentos/ferreteria-abrinal-web/v2-laravel/vendor/laravel/framework/src/Illuminate/Foundation/Http/Middleware/InvokeDeferredCallbacks.php(22): Illuminate/Pipeline/Pipeline->{closure:{closure:Illuminate/Pipeline/Pipeline::carry():194}:195}()
#46 C:/Users/amaya/OneDrive/Documentos/ferreteria-abrinal-web/v2-laravel/vendor/laravel/framework/src/Illuminate/Pipeline/Pipeline.php(219): Illuminate/Foundation/Http/Middleware/InvokeDeferredCallbacks->handle()
#47 C:/Users/amaya/OneDrive/Documentos/ferreteria-abrinal-web/v2-laravel/vendor/laravel/framework/src/Illuminate/Http/Middleware/ValidatePathEncoding.php(26): Illuminate/Pipeline/Pipeline->{closure:{closure:Illuminate/Pipeline/Pipeline::carry():194}:195}()
#48 C:/Users/amaya/OneDrive/Documentos/ferreteria-abrinal-web/v2-laravel/vendor/laravel/framework/src/Illuminate/Pipeline/Pipeline.php(219): Illuminate/Http/Middleware/ValidatePathEncoding->handle()
#49 C:/Users/amaya/OneDrive/Documentos/ferreteria-abrinal-web/v2-laravel/vendor/laravel/framework/src/Illuminate/Pipeline/Pipeline.php(137): Illuminate/Pipeline/Pipeline->{closure:{closure:Illuminate/Pipeline/Pipeline::carry():194}:195}()
#50 C:/Users/amaya/OneDrive/Documentos/ferreteria-abrinal-web/v2-laravel/vendor/laravel/framework/src/Illuminate/Foundation/Http/Kernel.php(175): Illuminate/Pipeline/Pipeline->then()
#51 C:/Users/amaya/OneDrive/Documentos/ferreteria-abrinal-web/v2-laravel/vendor/laravel/framework/src/Illuminate/Foundation/Http/Kernel.php(144): Illuminate/Foundation/Http/Kernel->sendRequestThroughRouter()
#52 C:/Users/amaya/OneDrive/Documentos/ferreteria-abrinal-web/v2-laravel/vendor/laravel/framework/src/Illuminate/Foundation/Application.php(1220): Illuminate/Foundation/Http/Kernel->handle()
#53 C:/Users/amaya/OneDrive/Documentos/ferreteria-abrinal-web/v2-laravel/public/index.php(15): Illuminate/Foundation/Application->handleRequest()
#54 C:/Users/amaya/OneDrive/Documentos/ferreteria-abrinal-web/v2-laravel/vendor/laravel/framework/src/Illuminate/Foundation/resources/server.php(23): require_once('...')
#55 {main}
"} 
[2026-02-23 09:37:18] local.ERROR: SQLSTATE[42P01]: Undefined table: 7 ERROR:  no existe la relación «cache»
LINE 1: delete from "cache"
                    ^ (Connection: pgsql, Host: 127.0.0.1, Port: 5432, Database: ferreteria_abrinal, SQL: delete from "cache") {"exception":"[object] (Illuminate\\Database\\QueryException(code: 42P01): SQLSTATE[42P01]: Undefined table: 7 ERROR:  no existe la relación «cache»
LINE 1: delete from \"cache\"
                    ^ (Connection: pgsql, Host: 127.0.0.1, Port: 5432, Database: ferreteria_abrinal, SQL: delete from \"cache\") at C:/Users/amaya/OneDrive/Documentos/ferreteria-abrinal-web/v2-laravel/vendor/laravel/framework/src/Illuminate/Database/Connection.php:838)
[stacktrace]
#0 C:/Users/amaya/OneDrive/Documentos/ferreteria-abrinal-web/v2-laravel/vendor/laravel/framework/src/Illuminate/Database/Connection.php(794): Illuminate/Database/Connection->runQueryCallback()
#1 C:/Users/amaya/OneDrive/Documentos/ferreteria-abrinal-web/v2-laravel/vendor/laravel/framework/src/Illuminate/Database/Connection.php(597): Illuminate/Database/Connection->run()
#2 C:/Users/amaya/OneDrive/Documentos/ferreteria-abrinal-web/v2-laravel/vendor/laravel/framework/src/Illuminate/Database/Connection.php(561): Illuminate/Database/Connection->affectingStatement()
#3 C:/Users/amaya/OneDrive/Documentos/ferreteria-abrinal-web/v2-laravel/vendor/laravel/framework/src/Illuminate/Database/Query/Builder.php(4359): Illuminate/Database/Connection->delete()
#4 C:/Users/amaya/OneDrive/Documentos/ferreteria-abrinal-web/v2-laravel/vendor/laravel/framework/src/Illuminate/Cache/DatabaseStore.php(423): Illuminate/Database/Query/Builder->delete()
#5 C:/Users/amaya/OneDrive/Documentos/ferreteria-abrinal-web/v2-laravel/vendor/laravel/framework/src/Illuminate/Cache/Repository.php(962): Illuminate/Cache/DatabaseStore->flush()
#6 C:/Users/amaya/OneDrive/Documentos/ferreteria-abrinal-web/v2-laravel/vendor/laravel/framework/src/Illuminate/Cache/Console/ClearCommand.php(68): Illuminate/Cache/Repository->__call()
#7 C:/Users/amaya/OneDrive/Documentos/ferreteria-abrinal-web/v2-laravel/vendor/laravel/framework/src/Illuminate/Container/BoundMethod.php(36): Illuminate/Cache/Console/ClearCommand->handle()
#8 C:/Users/amaya/OneDrive/Documentos/ferreteria-abrinal-web/v2-laravel/vendor/laravel/framework/src/Illuminate/Container/Util.php(43): Illuminate/Container/BoundMethod::{closure:Illuminate/Container/BoundMethod::call():35}()
#9 C:/Users/amaya/OneDrive/Documentos/ferreteria-abrinal-web/v2-laravel/vendor/laravel/framework/src/Illuminate/Container/BoundMethod.php(96): Illuminate/Container/Util::unwrapIfClosure()
#10 C:/Users/amaya/OneDrive/Documentos/ferreteria-abrinal-web/v2-laravel/vendor/laravel/framework/src/Illuminate/Container/BoundMethod.php(35): Illuminate/Container/BoundMethod::callBoundMethod()
#11 C:/Users/amaya/OneDrive/Documentos/ferreteria-abrinal-web/v2-laravel/vendor/laravel/framework/src/Illuminate/Container/Container.php(799): Illuminate/Container/BoundMethod::call()
#12 C:/Users/amaya/OneDrive/Documentos/ferreteria-abrinal-web/v2-laravel/vendor/laravel/framework/src/Illuminate/Console/Command.php(211): Illuminate/Container/Container->call()
#13 C:/Users/amaya/OneDrive/Documentos/ferreteria-abrinal-web/v2-laravel/vendor/symfony/console/Command/Command.php(341): Illuminate/Console/Command->execute()
#14 C:/Users/amaya/OneDrive/Documentos/ferreteria-abrinal-web/v2-laravel/vendor/laravel/framework/src/Illuminate/Console/Command.php(180): Symfony/Component/Console/Command/Command->run()
#15 C:/Users/amaya/OneDrive/Documentos/ferreteria-abrinal-web/v2-laravel/vendor/symfony/console/Application.php(1102): Illuminate/Console/Command->run()
#16 C:/Users/amaya/OneDrive/Documentos/ferreteria-abrinal-web/v2-laravel/vendor/symfony/console/Application.php(356): Symfony/Component/Console/Application->doRunCommand()
#17 C:/Users/amaya/OneDrive/Documentos/ferreteria-abrinal-web/v2-laravel/vendor/symfony/console/Application.php(195): Symfony/Component/Console/Application->doRun()
#18 C:/Users/amaya/OneDrive/Documentos/ferreteria-abrinal-web/v2-laravel/vendor/laravel/framework/src/Illuminate/Foundation/Console/Kernel.php(198): Symfony/Component/Console/Application->run()
#19 C:/Users/amaya/OneDrive/Documentos/ferreteria-abrinal-web/v2-laravel/vendor/laravel/framework/src/Illuminate/Foundation/Application.php(1235): Illuminate/Foundation/Console/Kernel->handle()
#20 C:/Users/amaya/OneDrive/Documentos/ferreteria-abrinal-web/v2-laravel/artisan(12): Illuminate/Foundation/Application->handleCommand()
#21 {main}

[previous exception] [object] (PDOException(code: 42P01): SQLSTATE[42P01]: Undefined table: 7 ERROR:  no existe la relación «cache»
LINE 1: delete from \"cache\"
                    ^ at C:/Users/amaya/OneDrive/Documentos/ferreteria-abrinal-web/v2-laravel/vendor/laravel/framework/src/Illuminate/Database/Connection.php:609)
[stacktrace]
#0 C:/Users/amaya/OneDrive/Documentos/ferreteria-abrinal-web/v2-laravel/vendor/laravel/framework/src/Illuminate/Database/Connection.php(609): PDOStatement->execute()
#1 C:/Users/amaya/OneDrive/Documentos/ferreteria-abrinal-web/v2-laravel/vendor/laravel/framework/src/Illuminate/Database/Connection.php(827): Illuminate/Database/Connection->{closure:Illuminate/Database/Connection::affectingStatement():597}()
#2 C:/Users/amaya/OneDrive/Documentos/ferreteria-abrinal-web/v2-laravel/vendor/laravel/framework/src/Illuminate/Database/Connection.php(794): Illuminate/Database/Connection->runQueryCallback()
#3 C:/Users/amaya/OneDrive/Documentos/ferreteria-abrinal-web/v2-laravel/vendor/laravel/framework/src/Illuminate/Database/Connection.php(597): Illuminate/Database/Connection->run()
#4 C:/Users/amaya/OneDrive/Documentos/ferreteria-abrinal-web/v2-laravel/vendor/laravel/framework/src/Illuminate/Database/Connection.php(561): Illuminate/Database/Connection->affectingStatement()
#5 C:/Users/amaya/OneDrive/Documentos/ferreteria-abrinal-web/v2-laravel/vendor/laravel/framework/src/Illuminate/Database/Query/Builder.php(4359): Illuminate/Database/Connection->delete()
#6 C:/Users/amaya/OneDrive/Documentos/ferreteria-abrinal-web/v2-laravel/vendor/laravel/framework/src/Illuminate/Cache/DatabaseStore.php(423): Illuminate/Database/Query/Builder->delete()
#7 C:/Users/amaya/OneDrive/Documentos/ferreteria-abrinal-web/v2-laravel/vendor/laravel/framework/src/Illuminate/Cache/Repository.php(962): Illuminate/Cache/DatabaseStore->flush()
#8 C:/Users/amaya/OneDrive/Documentos/ferreteria-abrinal-web/v2-laravel/vendor/laravel/framework/src/Illuminate/Cache/Console/ClearCommand.php(68): Illuminate/Cache/Repository->__call()
#9 C:/Users/amaya/OneDrive/Documentos/ferreteria-abrinal-web/v2-laravel/vendor/laravel/framework/src/Illuminate/Container/BoundMethod.php(36): Illuminate/Cache/Console/ClearCommand->handle()
#10 C:/Users/amaya/OneDrive/Documentos/ferreteria-abrinal-web/v2-laravel/vendor/laravel/framework/src/Illuminate/Container/Util.php(43): Illuminate/Container/BoundMethod::{closure:Illuminate/Container/BoundMethod::call():35}()
#11 C:/Users/amaya/OneDrive/Documentos/ferreteria-abrinal-web/v2-laravel/vendor/laravel/framework/src/Illuminate/Container/BoundMethod.php(96): Illuminate/Container/Util::unwrapIfClosure()
#12 C:/Users/amaya/OneDrive/Documentos/ferreteria-abrinal-web/v2-laravel/vendor/laravel/framework/src/Illuminate/Container/BoundMethod.php(35): Illuminate/Container/BoundMethod::callBoundMethod()
#13 C:/Users/amaya/OneDrive/Documentos/ferreteria-abrinal-web/v2-laravel/vendor/laravel/framework/src/Illuminate/Container/Container.php(799): Illuminate/Container/BoundMethod::call()
#14 C:/Users/amaya/OneDrive/Documentos/ferreteria-abrinal-web/v2-laravel/vendor/laravel/framework/src/Illuminate/Console/Command.php(211): Illuminate/Container/Container->call()
#15 C:/Users/amaya/OneDrive/Documentos/ferreteria-abrinal-web/v2-laravel/vendor/symfony/console/Command/Command.php(341): Illuminate/Console/Command->execute()
#16 C:/Users/amaya/OneDrive/Documentos/ferreteria-abrinal-web/v2-laravel/vendor/laravel/framework/src/Illuminate/Console/Command.php(180): Symfony/Component/Console/Command/Command->run()
#17 C:/Users/amaya/OneDrive/Documentos/ferreteria-abrinal-web/v2-laravel/vendor/symfony/console/Application.php(1102): Illuminate/Console/Command->run()
#18 C:/Users/amaya/OneDrive/Documentos/ferreteria-abrinal-web/v2-laravel/vendor/symfony/console/Application.php(356): Symfony/Component/Console/Application->doRunCommand()
#19 C:/Users/amaya/OneDrive/Documentos/ferreteria-abrinal-web/v2-laravel/vendor/symfony/console/Application.php(195): Symfony/Component/Console/Application->doRun()
#20 C:/Users/amaya/OneDrive/Documentos/ferreteria-abrinal-web/v2-laravel/vendor/laravel/framework/src/Illuminate/Foundation/Console/Kernel.php(198): Symfony/Component/Console/Application->run()
#21 C:/Users/amaya/OneDrive/Documentos/ferreteria-abrinal-web/v2-laravel/vendor/laravel/framework/src/Illuminate/Foundation/Application.php(1235): Illuminate/Foundation/Console/Kernel->handle()
#22 C:/Users/amaya/OneDrive/Documentos/ferreteria-abrinal-web/v2-laravel/artisan(12): Illuminate/Foundation/Application->handleCommand()
#23 {main}
"} 
[2026-02-23 09:38:34] local.ERROR: SQLSTATE[42P01]: Undefined table: 7 ERROR:  no existe la relación «cache»
LINE 1: delete from "cache"
                    ^ (Connection: pgsql, Host: 127.0.0.1, Port: 5432, Database: ferreteria_abrinal, SQL: delete from "cache") {"exception":"[object] (Illuminate\\Database\\QueryException(code: 42P01): SQLSTATE[42P01]: Undefined table: 7 ERROR:  no existe la relación «cache»
LINE 1: delete from \"cache\"
                    ^ (Connection: pgsql, Host: 127.0.0.1, Port: 5432, Database: ferreteria_abrinal, SQL: delete from \"cache\") at C:/Users/amaya/OneDrive/Documentos/ferreteria-abrinal-web/v2-laravel/vendor/laravel/framework/src/Illuminate/Database/Connection.php:838)
[stacktrace]
#0 C:/Users/amaya/OneDrive/Documentos/ferreteria-abrinal-web/v2-laravel/vendor/laravel/framework/src/Illuminate/Database/Connection.php(794): Illuminate/Database/Connection->runQueryCallback()
#1 C:/Users/amaya/OneDrive/Documentos/ferreteria-abrinal-web/v2-laravel/vendor/laravel/framework/src/Illuminate/Database/Connection.php(597): Illuminate/Database/Connection->run()
#2 C:/Users/amaya/OneDrive/Documentos/ferreteria-abrinal-web/v2-laravel/vendor/laravel/framework/src/Illuminate/Database/Connection.php(561): Illuminate/Database/Connection->affectingStatement()
#3 C:/Users/amaya/OneDrive/Documentos/ferreteria-abrinal-web/v2-laravel/vendor/laravel/framework/src/Illuminate/Database/Query/Builder.php(4359): Illuminate/Database/Connection->delete()
#4 C:/Users/amaya/OneDrive/Documentos/ferreteria-abrinal-web/v2-laravel/vendor/laravel/framework/src/Illuminate/Cache/DatabaseStore.php(423): Illuminate/Database/Query/Builder->delete()
#5 C:/Users/amaya/OneDrive/Documentos/ferreteria-abrinal-web/v2-laravel/vendor/laravel/framework/src/Illuminate/Cache/Repository.php(962): Illuminate/Cache/DatabaseStore->flush()
#6 C:/Users/amaya/OneDrive/Documentos/ferreteria-abrinal-web/v2-laravel/vendor/laravel/framework/src/Illuminate/Cache/Console/ClearCommand.php(68): Illuminate/Cache/Repository->__call()
#7 C:/Users/amaya/OneDrive/Documentos/ferreteria-abrinal-web/v2-laravel/vendor/laravel/framework/src/Illuminate/Container/BoundMethod.php(36): Illuminate/Cache/Console/ClearCommand->handle()
#8 C:/Users/amaya/OneDrive/Documentos/ferreteria-abrinal-web/v2-laravel/vendor/laravel/framework/src/Illuminate/Container/Util.php(43): Illuminate/Container/BoundMethod::{closure:Illuminate/Container/BoundMethod::call():35}()
#9 C:/Users/amaya/OneDrive/Documentos/ferreteria-abrinal-web/v2-laravel/vendor/laravel/framework/src/Illuminate/Container/BoundMethod.php(96): Illuminate/Container/Util::unwrapIfClosure()
#10 C:/Users/amaya/OneDrive/Documentos/ferreteria-abrinal-web/v2-laravel/vendor/laravel/framework/src/Illuminate/Container/BoundMethod.php(35): Illuminate/Container/BoundMethod::callBoundMethod()
#11 C:/Users/amaya/OneDrive/Documentos/ferreteria-abrinal-web/v2-laravel/vendor/laravel/framework/src/Illuminate/Container/Container.php(799): Illuminate/Container/BoundMethod::call()
#12 C:/Users/amaya/OneDrive/Documentos/ferreteria-abrinal-web/v2-laravel/vendor/laravel/framework/src/Illuminate/Console/Command.php(211): Illuminate/Container/Container->call()
#13 C:/Users/amaya/OneDrive/Documentos/ferreteria-abrinal-web/v2-laravel/vendor/symfony/console/Command/Command.php(341): Illuminate/Console/Command->execute()
#14 C:/Users/amaya/OneDrive/Documentos/ferreteria-abrinal-web/v2-laravel/vendor/laravel/framework/src/Illuminate/Console/Command.php(180): Symfony/Component/Console/Command/Command->run()
#15 C:/Users/amaya/OneDrive/Documentos/ferreteria-abrinal-web/v2-laravel/vendor/symfony/console/Application.php(1102): Illuminate/Console/Command->run()
#16 C:/Users/amaya/OneDrive/Documentos/ferreteria-abrinal-web/v2-laravel/vendor/symfony/console/Application.php(356): Symfony/Component/Console/Application->doRunCommand()
#17 C:/Users/amaya/OneDrive/Documentos/ferreteria-abrinal-web/v2-laravel/vendor/symfony/console/Application.php(195): Symfony/Component/Console/Application->doRun()
#18 C:/Users/amaya/OneDrive/Documentos/ferreteria-abrinal-web/v2-laravel/vendor/laravel/framework/src/Illuminate/Foundation/Console/Kernel.php(198): Symfony/Component/Console/Application->run()
#19 C:/Users/amaya/OneDrive/Documentos/ferreteria-abrinal-web/v2-laravel/vendor/laravel/framework/src/Illuminate/Foundation/Application.php(1235): Illuminate/Foundation/Console/Kernel->handle()
#20 C:/Users/amaya/OneDrive/Documentos/ferreteria-abrinal-web/v2-laravel/artisan(12): Illuminate/Foundation/Application->handleCommand()
#21 {main}

[previous exception] [object] (PDOException(code: 42P01): SQLSTATE[42P01]: Undefined table: 7 ERROR:  no existe la relación «cache»
LINE 1: delete from \"cache\"
                    ^ at C:/Users/amaya/OneDrive/Documentos/ferreteria-abrinal-web/v2-laravel/vendor/laravel/framework/src/Illuminate/Database/Connection.php:609)
[stacktrace]
#0 C:/Users/amaya/OneDrive/Documentos/ferreteria-abrinal-web/v2-laravel/vendor/laravel/framework/src/Illuminate/Database/Connection.php(609): PDOStatement->execute()
#1 C:/Users/amaya/OneDrive/Documentos/ferreteria-abrinal-web/v2-laravel/vendor/laravel/framework/src/Illuminate/Database/Connection.php(827): Illuminate/Database/Connection->{closure:Illuminate/Database/Connection::affectingStatement():597}()
#2 C:/Users/amaya/OneDrive/Documentos/ferreteria-abrinal-web/v2-laravel/vendor/laravel/framework/src/Illuminate/Database/Connection.php(794): Illuminate/Database/Connection->runQueryCallback()
#3 C:/Users/amaya/OneDrive/Documentos/ferreteria-abrinal-web/v2-laravel/vendor/laravel/framework/src/Illuminate/Database/Connection.php(597): Illuminate/Database/Connection->run()
#4 C:/Users/amaya/OneDrive/Documentos/ferreteria-abrinal-web/v2-laravel/vendor/laravel/framework/src/Illuminate/Database/Connection.php(561): Illuminate/Database/Connection->affectingStatement()
#5 C:/Users/amaya/OneDrive/Documentos/ferreteria-abrinal-web/v2-laravel/vendor/laravel/framework/src/Illuminate/Database/Query/Builder.php(4359): Illuminate/Database/Connection->delete()
#6 C:/Users/amaya/OneDrive/Documentos/ferreteria-abrinal-web/v2-laravel/vendor/laravel/framework/src/Illuminate/Cache/DatabaseStore.php(423): Illuminate/Database/Query/Builder->delete()
#7 C:/Users/amaya/OneDrive/Documentos/ferreteria-abrinal-web/v2-laravel/vendor/laravel/framework/src/Illuminate/Cache/Repository.php(962): Illuminate/Cache/DatabaseStore->flush()
#8 C:/Users/amaya/OneDrive/Documentos/ferreteria-abrinal-web/v2-laravel/vendor/laravel/framework/src/Illuminate/Cache/Console/ClearCommand.php(68): Illuminate/Cache/Repository->__call()
#9 C:/Users/amaya/OneDrive/Documentos/ferreteria-abrinal-web/v2-laravel/vendor/laravel/framework/src/Illuminate/Container/BoundMethod.php(36): Illuminate/Cache/Console/ClearCommand->handle()
#10 C:/Users/amaya/OneDrive/Documentos/ferreteria-abrinal-web/v2-laravel/vendor/laravel/framework/src/Illuminate/Container/Util.php(43): Illuminate/Container/BoundMethod::{closure:Illuminate/Container/BoundMethod::call():35}()
#11 C:/Users/amaya/OneDrive/Documentos/ferreteria-abrinal-web/v2-laravel/vendor/laravel/framework/src/Illuminate/Container/BoundMethod.php(96): Illuminate/Container/Util::unwrapIfClosure()
#12 C:/Users/amaya/OneDrive/Documentos/ferreteria-abrinal-web/v2-laravel/vendor/laravel/framework/src/Illuminate/Container/BoundMethod.php(35): Illuminate/Container/BoundMethod::callBoundMethod()
#13 C:/Users/amaya/OneDrive/Documentos/ferreteria-abrinal-web/v2-laravel/vendor/laravel/framework/src/Illuminate/Container/Container.php(799): Illuminate/Container/BoundMethod::call()
#14 C:/Users/amaya/OneDrive/Documentos/ferreteria-abrinal-web/v2-laravel/vendor/laravel/framework/src/Illuminate/Console/Command.php(211): Illuminate/Container/Container->call()
#15 C:/Users/amaya/OneDrive/Documentos/ferreteria-abrinal-web/v2-laravel/vendor/symfony/console/Command/Command.php(341): Illuminate/Console/Command->execute()
#16 C:/Users/amaya/OneDrive/Documentos/ferreteria-abrinal-web/v2-laravel/vendor/laravel/framework/src/Illuminate/Console/Command.php(180): Symfony/Component/Console/Command/Command->run()
#17 C:/Users/amaya/OneDrive/Documentos/ferreteria-abrinal-web/v2-laravel/vendor/symfony/console/Application.php(1102): Illuminate/Console/Command->run()
#18 C:/Users/amaya/OneDrive/Documentos/ferreteria-abrinal-web/v2-laravel/vendor/symfony/console/Application.php(356): Symfony/Component/Console/Application->doRunCommand()
#19 C:/Users/amaya/OneDrive/Documentos/ferreteria-abrinal-web/v2-laravel/vendor/symfony/console/Application.php(195): Symfony/Component/Console/Application->doRun()
#20 C:/Users/amaya/OneDrive/Documentos/ferreteria-abrinal-web/v2-laravel/vendor/laravel/framework/src/Illuminate/Foundation/Console/Kernel.php(198): Symfony/Component/Console/Application->run()
#21 C:/Users/amaya/OneDrive/Documentos/ferreteria-abrinal-web/v2-laravel/vendor/laravel/framework/src/Illuminate/Foundation/Application.php(1235): Illuminate/Foundation/Console/Kernel->handle()
#22 C:/Users/amaya/OneDrive/Documentos/ferreteria-abrinal-web/v2-laravel/artisan(12): Illuminate/Foundation/Application->handleCommand()
#23 {main}
"} 
[2026-02-23 09:38:52] local.ERROR: SQLSTATE[42P01]: Undefined table: 7 ERROR:  no existe la relación «cache»
LINE 1: delete from "cache"
                    ^ (Connection: pgsql, Host: 127.0.0.1, Port: 5432, Database: ferreteria_abrinal, SQL: delete from "cache") {"exception":"[object] (Illuminate\\Database\\QueryException(code: 42P01): SQLSTATE[42P01]: Undefined table: 7 ERROR:  no existe la relación «cache»
LINE 1: delete from \"cache\"
                    ^ (Connection: pgsql, Host: 127.0.0.1, Port: 5432, Database: ferreteria_abrinal, SQL: delete from \"cache\") at C:/Users/amaya/OneDrive/Documentos/ferreteria-abrinal-web/v2-laravel/vendor/laravel/framework/src/Illuminate/Database/Connection.php:838)
[stacktrace]
#0 C:/Users/amaya/OneDrive/Documentos/ferreteria-abrinal-web/v2-laravel/vendor/laravel/framework/src/Illuminate/Database/Connection.php(794): Illuminate/Database/Connection->runQueryCallback()
#1 C:/Users/amaya/OneDrive/Documentos/ferreteria-abrinal-web/v2-laravel/vendor/laravel/framework/src/Illuminate/Database/Connection.php(597): Illuminate/Database/Connection->run()
#2 C:/Users/amaya/OneDrive/Documentos/ferreteria-abrinal-web/v2-laravel/vendor/laravel/framework/src/Illuminate/Database/Connection.php(561): Illuminate/Database/Connection->affectingStatement()
#3 C:/Users/amaya/OneDrive/Documentos/ferreteria-abrinal-web/v2-laravel/vendor/laravel/framework/src/Illuminate/Database/Query/Builder.php(4359): Illuminate/Database/Connection->delete()
#4 C:/Users/amaya/OneDrive/Documentos/ferreteria-abrinal-web/v2-laravel/vendor/laravel/framework/src/Illuminate/Cache/DatabaseStore.php(423): Illuminate/Database/Query/Builder->delete()
#5 C:/Users/amaya/OneDrive/Documentos/ferreteria-abrinal-web/v2-laravel/vendor/laravel/framework/src/Illuminate/Cache/Repository.php(962): Illuminate/Cache/DatabaseStore->flush()
#6 C:/Users/amaya/OneDrive/Documentos/ferreteria-abrinal-web/v2-laravel/vendor/laravel/framework/src/Illuminate/Cache/Console/ClearCommand.php(68): Illuminate/Cache/Repository->__call()
#7 C:/Users/amaya/OneDrive/Documentos/ferreteria-abrinal-web/v2-laravel/vendor/laravel/framework/src/Illuminate/Container/BoundMethod.php(36): Illuminate/Cache/Console/ClearCommand->handle()
#8 C:/Users/amaya/OneDrive/Documentos/ferreteria-abrinal-web/v2-laravel/vendor/laravel/framework/src/Illuminate/Container/Util.php(43): Illuminate/Container/BoundMethod::{closure:Illuminate/Container/BoundMethod::call():35}()
#9 C:/Users/amaya/OneDrive/Documentos/ferreteria-abrinal-web/v2-laravel/vendor/laravel/framework/src/Illuminate/Container/BoundMethod.php(96): Illuminate/Container/Util::unwrapIfClosure()
#10 C:/Users/amaya/OneDrive/Documentos/ferreteria-abrinal-web/v2-laravel/vendor/laravel/framework/src/Illuminate/Container/BoundMethod.php(35): Illuminate/Container/BoundMethod::callBoundMethod()
#11 C:/Users/amaya/OneDrive/Documentos/ferreteria-abrinal-web/v2-laravel/vendor/laravel/framework/src/Illuminate/Container/Container.php(799): Illuminate/Container/BoundMethod::call()
#12 C:/Users/amaya/OneDrive/Documentos/ferreteria-abrinal-web/v2-laravel/vendor/laravel/framework/src/Illuminate/Console/Command.php(211): Illuminate/Container/Container->call()
#13 C:/Users/amaya/OneDrive/Documentos/ferreteria-abrinal-web/v2-laravel/vendor/symfony/console/Command/Command.php(341): Illuminate/Console/Command->execute()
#14 C:/Users/amaya/OneDrive/Documentos/ferreteria-abrinal-web/v2-laravel/vendor/laravel/framework/src/Illuminate/Console/Command.php(180): Symfony/Component/Console/Command/Command->run()
#15 C:/Users/amaya/OneDrive/Documentos/ferreteria-abrinal-web/v2-laravel/vendor/laravel/framework/src/Illuminate/Console/Concerns/CallsCommands.php(68): Illuminate/Console/Command->run()
#16 C:/Users/amaya/OneDrive/Documentos/ferreteria-abrinal-web/v2-laravel/vendor/laravel/framework/src/Illuminate/Console/Concerns/CallsCommands.php(41): Illuminate/Console/Command->runCommand()
#17 C:/Users/amaya/OneDrive/Documentos/ferreteria-abrinal-web/v2-laravel/vendor/laravel/framework/src/Illuminate/Console/Concerns/CallsCommands.php(53): Illuminate/Console/Command->callSilent()
#18 C:/Users/amaya/OneDrive/Documentos/ferreteria-abrinal-web/v2-laravel/vendor/laravel/framework/src/Illuminate/Foundation/Console/OptimizeClearCommand.php(48): Illuminate/Console/Command->callSilently()
#19 C:/Users/amaya/OneDrive/Documentos/ferreteria-abrinal-web/v2-laravel/vendor/laravel/framework/src/Illuminate/Console/View/Components/Task.php(41): Illuminate/Foundation/Console/OptimizeClearCommand->{closure:Illuminate/Foundation/Console/OptimizeClearCommand::handle():48}()
#20 C:/Users/amaya/OneDrive/Documentos/ferreteria-abrinal-web/v2-laravel/vendor/laravel/framework/src/Illuminate/Console/View/Components/Factory.php(59): Illuminate/Console/View/Components/Task->render()
#21 C:/Users/amaya/OneDrive/Documentos/ferreteria-abrinal-web/v2-laravel/vendor/laravel/framework/src/Illuminate/Foundation/Console/OptimizeClearCommand.php(48): Illuminate/Console/View/Components/Factory->__call()
#22 C:/Users/amaya/OneDrive/Documentos/ferreteria-abrinal-web/v2-laravel/vendor/laravel/framework/src/Illuminate/Container/BoundMethod.php(36): Illuminate/Foundation/Console/OptimizeClearCommand->handle()
#23 C:/Users/amaya/OneDrive/Documentos/ferreteria-abrinal-web/v2-laravel/vendor/laravel/framework/src/Illuminate/Container/Util.php(43): Illuminate/Container/BoundMethod::{closure:Illuminate/Container/BoundMethod::call():35}()
#24 C:/Users/amaya/OneDrive/Documentos/ferreteria-abrinal-web/v2-laravel/vendor/laravel/framework/src/Illuminate/Container/BoundMethod.php(96): Illuminate/Container/Util::unwrapIfClosure()
#25 C:/Users/amaya/OneDrive/Documentos/ferreteria-abrinal-web/v2-laravel/vendor/laravel/framework/src/Illuminate/Container/BoundMethod.php(35): Illuminate/Container/BoundMethod::callBoundMethod()
#26 C:/Users/amaya/OneDrive/Documentos/ferreteria-abrinal-web/v2-laravel/vendor/laravel/framework/src/Illuminate/Container/Container.php(799): Illuminate/Container/BoundMethod::call()
#27 C:/Users/amaya/OneDrive/Documentos/ferreteria-abrinal-web/v2-laravel/vendor/laravel/framework/src/Illuminate/Console/Command.php(211): Illuminate/Container/Container->call()
#28 C:/Users/amaya/OneDrive/Documentos/ferreteria-abrinal-web/v2-laravel/vendor/symfony/console/Command/Command.php(341): Illuminate/Console/Command->execute()
#29 C:/Users/amaya/OneDrive/Documentos/ferreteria-abrinal-web/v2-laravel/vendor/laravel/framework/src/Illuminate/Console/Command.php(180): Symfony/Component/Console/Command/Command->run()
#30 C:/Users/amaya/OneDrive/Documentos/ferreteria-abrinal-web/v2-laravel/vendor/symfony/console/Application.php(1102): Illuminate/Console/Command->run()
#31 C:/Users/amaya/OneDrive/Documentos/ferreteria-abrinal-web/v2-laravel/vendor/symfony/console/Application.php(356): Symfony/Component/Console/Application->doRunCommand()
#32 C:/Users/amaya/OneDrive/Documentos/ferreteria-abrinal-web/v2-laravel/vendor/symfony/console/Application.php(195): Symfony/Component/Console/Application->doRun()
#33 C:/Users/amaya/OneDrive/Documentos/ferreteria-abrinal-web/v2-laravel/vendor/laravel/framework/src/Illuminate/Foundation/Console/Kernel.php(198): Symfony/Component/Console/Application->run()
#34 C:/Users/amaya/OneDrive/Documentos/ferreteria-abrinal-web/v2-laravel/vendor/laravel/framework/src/Illuminate/Foundation/Application.php(1235): Illuminate/Foundation/Console/Kernel->handle()
#35 C:/Users/amaya/OneDrive/Documentos/ferreteria-abrinal-web/v2-laravel/artisan(12): Illuminate/Foundation/Application->handleCommand()
#36 {main}

[previous exception] [object] (PDOException(code: 42P01): SQLSTATE[42P01]: Undefined table: 7 ERROR:  no existe la relación «cache»
LINE 1: delete from \"cache\"
                    ^ at C:/Users/amaya/OneDrive/Documentos/ferreteria-abrinal-web/v2-laravel/vendor/laravel/framework/src/Illuminate/Database/Connection.php:609)
[stacktrace]
#0 C:/Users/amaya/OneDrive/Documentos/ferreteria-abrinal-web/v2-laravel/vendor/laravel/framework/src/Illuminate/Database/Connection.php(609): PDOStatement->execute()
#1 C:/Users/amaya/OneDrive/Documentos/ferreteria-abrinal-web/v2-laravel/vendor/laravel/framework/src/Illuminate/Database/Connection.php(827): Illuminate/Database/Connection->{closure:Illuminate/Database/Connection::affectingStatement():597}()
#2 C:/Users/amaya/OneDrive/Documentos/ferreteria-abrinal-web/v2-laravel/vendor/laravel/framework/src/Illuminate/Database/Connection.php(794): Illuminate/Database/Connection->runQueryCallback()
#3 C:/Users/amaya/OneDrive/Documentos/ferreteria-abrinal-web/v2-laravel/vendor/laravel/framework/src/Illuminate/Database/Connection.php(597): Illuminate/Database/Connection->run()
#4 C:/Users/amaya/OneDrive/Documentos/ferreteria-abrinal-web/v2-laravel/vendor/laravel/framework/src/Illuminate/Database/Connection.php(561): Illuminate/Database/Connection->affectingStatement()
#5 C:/Users/amaya/OneDrive/Documentos/ferreteria-abrinal-web/v2-laravel/vendor/laravel/framework/src/Illuminate/Database/Query/Builder.php(4359): Illuminate/Database/Connection->delete()
#6 C:/Users/amaya/OneDrive/Documentos/ferreteria-abrinal-web/v2-laravel/vendor/laravel/framework/src/Illuminate/Cache/DatabaseStore.php(423): Illuminate/Database/Query/Builder->delete()
#7 C:/Users/amaya/OneDrive/Documentos/ferreteria-abrinal-web/v2-laravel/vendor/laravel/framework/src/Illuminate/Cache/Repository.php(962): Illuminate/Cache/DatabaseStore->flush()
#8 C:/Users/amaya/OneDrive/Documentos/ferreteria-abrinal-web/v2-laravel/vendor/laravel/framework/src/Illuminate/Cache/Console/ClearCommand.php(68): Illuminate/Cache/Repository->__call()
#9 C:/Users/amaya/OneDrive/Documentos/ferreteria-abrinal-web/v2-laravel/vendor/laravel/framework/src/Illuminate/Container/BoundMethod.php(36): Illuminate/Cache/Console/ClearCommand->handle()
#10 C:/Users/amaya/OneDrive/Documentos/ferreteria-abrinal-web/v2-laravel/vendor/laravel/framework/src/Illuminate/Container/Util.php(43): Illuminate/Container/BoundMethod::{closure:Illuminate/Container/BoundMethod::call():35}()
#11 C:/Users/amaya/OneDrive/Documentos/ferreteria-abrinal-web/v2-laravel/vendor/laravel/framework/src/Illuminate/Container/BoundMethod.php(96): Illuminate/Container/Util::unwrapIfClosure()
#12 C:/Users/amaya/OneDrive/Documentos/ferreteria-abrinal-web/v2-laravel/vendor/laravel/framework/src/Illuminate/Container/BoundMethod.php(35): Illuminate/Container/BoundMethod::callBoundMethod()
#13 C:/Users/amaya/OneDrive/Documentos/ferreteria-abrinal-web/v2-laravel/vendor/laravel/framework/src/Illuminate/Container/Container.php(799): Illuminate/Container/BoundMethod::call()
#14 C:/Users/amaya/OneDrive/Documentos/ferreteria-abrinal-web/v2-laravel/vendor/laravel/framework/src/Illuminate/Console/Command.php(211): Illuminate/Container/Container->call()
#15 C:/Users/amaya/OneDrive/Documentos/ferreteria-abrinal-web/v2-laravel/vendor/symfony/console/Command/Command.php(341): Illuminate/Console/Command->execute()
#16 C:/Users/amaya/OneDrive/Documentos/ferreteria-abrinal-web/v2-laravel/vendor/laravel/framework/src/Illuminate/Console/Command.php(180): Symfony/Component/Console/Command/Command->run()
#17 C:/Users/amaya/OneDrive/Documentos/ferreteria-abrinal-web/v2-laravel/vendor/laravel/framework/src/Illuminate/Console/Concerns/CallsCommands.php(68): Illuminate/Console/Command->run()
#18 C:/Users/amaya/OneDrive/Documentos/ferreteria-abrinal-web/v2-laravel/vendor/laravel/framework/src/Illuminate/Console/Concerns/CallsCommands.php(41): Illuminate/Console/Command->runCommand()
#19 C:/Users/amaya/OneDrive/Documentos/ferreteria-abrinal-web/v2-laravel/vendor/laravel/framework/src/Illuminate/Console/Concerns/CallsCommands.php(53): Illuminate/Console/Command->callSilent()
#20 C:/Users/amaya/OneDrive/Documentos/ferreteria-abrinal-web/v2-laravel/vendor/laravel/framework/src/Illuminate/Foundation/Console/OptimizeClearCommand.php(48): Illuminate/Console/Command->callSilently()
#21 C:/Users/amaya/OneDrive/Documentos/ferreteria-abrinal-web/v2-laravel/vendor/laravel/framework/src/Illuminate/Console/View/Components/Task.php(41): Illuminate/Foundation/Console/OptimizeClearCommand->{closure:Illuminate/Foundation/Console/OptimizeClearCommand::handle():48}()
#22 C:/Users/amaya/OneDrive/Documentos/ferreteria-abrinal-web/v2-laravel/vendor/laravel/framework/src/Illuminate/Console/View/Components/Factory.php(59): Illuminate/Console/View/Components/Task->render()
#23 C:/Users/amaya/OneDrive/Documentos/ferreteria-abrinal-web/v2-laravel/vendor/laravel/framework/src/Illuminate/Foundation/Console/OptimizeClearCommand.php(48): Illuminate/Console/View/Components/Factory->__call()
#24 C:/Users/amaya/OneDrive/Documentos/ferreteria-abrinal-web/v2-laravel/vendor/laravel/framework/src/Illuminate/Container/BoundMethod.php(36): Illuminate/Foundation/Console/OptimizeClearCommand->handle()
#25 C:/Users/amaya/OneDrive/Documentos/ferreteria-abrinal-web/v2-laravel/vendor/laravel/framework/src/Illuminate/Container/Util.php(43): Illuminate/Container/BoundMethod::{closure:Illuminate/Container/BoundMethod::call():35}()
#26 C:/Users/amaya/OneDrive/Documentos/ferreteria-abrinal-web/v2-laravel/vendor/laravel/framework/src/Illuminate/Container/BoundMethod.php(96): Illuminate/Container/Util::unwrapIfClosure()
#27 C:/Users/amaya/OneDrive/Documentos/ferreteria-abrinal-web/v2-laravel/vendor/laravel/framework/src/Illuminate/Container/BoundMethod.php(35): Illuminate/Container/BoundMethod::callBoundMethod()
#28 C:/Users/amaya/OneDrive/Documentos/ferreteria-abrinal-web/v2-laravel/vendor/laravel/framework/src/Illuminate/Container/Container.php(799): Illuminate/Container/BoundMethod::call()
#29 C:/Users/amaya/OneDrive/Documentos/ferreteria-abrinal-web/v2-laravel/vendor/laravel/framework/src/Illuminate/Console/Command.php(211): Illuminate/Container/Container->call()
#30 C:/Users/amaya/OneDrive/Documentos/ferreteria-abrinal-web/v2-laravel/vendor/symfony/console/Command/Command.php(341): Illuminate/Console/Command->execute()
#31 C:/Users/amaya/OneDrive/Documentos/ferreteria-abrinal-web/v2-laravel/vendor/laravel/framework/src/Illuminate/Console/Command.php(180): Symfony/Component/Console/Command/Command->run()
#32 C:/Users/amaya/OneDrive/Documentos/ferreteria-abrinal-web/v2-laravel/vendor/symfony/console/Application.php(1102): Illuminate/Console/Command->run()
#33 C:/Users/amaya/OneDrive/Documentos/ferreteria-abrinal-web/v2-laravel/vendor/symfony/console/Application.php(356): Symfony/Component/Console/Application->doRunCommand()
#34 C:/Users/amaya/OneDrive/Documentos/ferreteria-abrinal-web/v2-laravel/vendor/symfony/console/Application.php(195): Symfony/Component/Console/Application->doRun()
#35 C:/Users/amaya/OneDrive/Documentos/ferreteria-abrinal-web/v2-laravel/vendor/laravel/framework/src/Illuminate/Foundation/Console/Kernel.php(198): Symfony/Component/Console/Application->run()
#36 C:/Users/amaya/OneDrive/Documentos/ferreteria-abrinal-web/v2-laravel/vendor/laravel/framework/src/Illuminate/Foundation/Application.php(1235): Illuminate/Foundation/Console/Kernel->handle()
#37 C:/Users/amaya/OneDrive/Documentos/ferreteria-abrinal-web/v2-laravel/artisan(12): Illuminate/Foundation/Application->handleCommand()
#38 {main}
"} 
[2026-02-23 09:39:49] local.ERROR: SQLSTATE[42P01]: Undefined table: 7 ERROR:  no existe la relación «sessions»
LINE 1: select * from "sessions" where "id" = $1 limit 1
                      ^ (Connection: pgsql, Host: 127.0.0.1, Port: 5432, Database: ferreteria_abrinal, SQL: select * from "sessions" where "id" = xYVLITE6dcpWdonJpRLM0SCPRrbVx2BUJEIN5bse limit 1) {"exception":"[object] (Illuminate\\Database\\QueryException(code: 42P01): SQLSTATE[42P01]: Undefined table: 7 ERROR:  no existe la relación «sessions»
LINE 1: select * from \"sessions\" where \"id\" = $1 limit 1
                      ^ (Connection: pgsql, Host: 127.0.0.1, Port: 5432, Database: ferreteria_abrinal, SQL: select * from \"sessions\" where \"id\" = xYVLITE6dcpWdonJpRLM0SCPRrbVx2BUJEIN5bse limit 1) at C:/Users/amaya/OneDrive/Documentos/ferreteria-abrinal-web/v2-laravel/vendor/laravel/framework/src/Illuminate/Database/Connection.php:838)
[stacktrace]
#0 C:/Users/amaya/OneDrive/Documentos/ferreteria-abrinal-web/v2-laravel/vendor/laravel/framework/src/Illuminate/Database/Connection.php(794): Illuminate/Database/Connection->runQueryCallback()
#1 C:/Users/amaya/OneDrive/Documentos/ferreteria-abrinal-web/v2-laravel/vendor/laravel/framework/src/Illuminate/Database/Connection.php(411): Illuminate/Database/Connection->run()
#2 C:/Users/amaya/OneDrive/Documentos/ferreteria-abrinal-web/v2-laravel/vendor/laravel/framework/src/Illuminate/Database/Query/Builder.php(3438): Illuminate/Database/Connection->select()
#3 C:/Users/amaya/OneDrive/Documentos/ferreteria-abrinal-web/v2-laravel/vendor/laravel/framework/src/Illuminate/Database/Query/Builder.php(3423): Illuminate/Database/Query/Builder->runSelect()
#4 C:/Users/amaya/OneDrive/Documentos/ferreteria-abrinal-web/v2-laravel/vendor/laravel/framework/src/Illuminate/Database/Query/Builder.php(4013): Illuminate/Database/Query/Builder->{closure:Illuminate/Database/Query/Builder::get():3422}()
#5 C:/Users/amaya/OneDrive/Documentos/ferreteria-abrinal-web/v2-laravel/vendor/laravel/framework/src/Illuminate/Database/Query/Builder.php(3422): Illuminate/Database/Query/Builder->onceWithColumns()
#6 C:/Users/amaya/OneDrive/Documentos/ferreteria-abrinal-web/v2-laravel/vendor/laravel/framework/src/Illuminate/Database/Concerns/BuildsQueries.php(366): Illuminate/Database/Query/Builder->get()
#7 C:/Users/amaya/OneDrive/Documentos/ferreteria-abrinal-web/v2-laravel/vendor/laravel/framework/src/Illuminate/Database/Query/Builder.php(3345): Illuminate/Database/Query/Builder->first()
#8 C:/Users/amaya/OneDrive/Documentos/ferreteria-abrinal-web/v2-laravel/vendor/laravel/framework/src/Illuminate/Session/DatabaseSessionHandler.php(96): Illuminate/Database/Query/Builder->find()
#9 C:/Users/amaya/OneDrive/Documentos/ferreteria-abrinal-web/v2-laravel/vendor/laravel/framework/src/Illuminate/Session/Store.php(128): Illuminate/Session/DatabaseSessionHandler->read()
#10 C:/Users/amaya/OneDrive/Documentos/ferreteria-abrinal-web/v2-laravel/vendor/laravel/framework/src/Illuminate/Session/Store.php(116): Illuminate/Session/Store->readFromHandler()
#11 C:/Users/amaya/OneDrive/Documentos/ferreteria-abrinal-web/v2-laravel/vendor/laravel/framework/src/Illuminate/Session/Store.php(100): Illuminate/Session/Store->loadSession()
#12 C:/Users/amaya/OneDrive/Documentos/ferreteria-abrinal-web/v2-laravel/vendor/laravel/framework/src/Illuminate/Session/Middleware/StartSession.php(146): Illuminate/Session/Store->start()
#13 C:/Users/amaya/OneDrive/Documentos/ferreteria-abrinal-web/v2-laravel/vendor/laravel/framework/src/Illuminate/Support/helpers.php(388): Illuminate/Session/Middleware/StartSession->{closure:Illuminate/Session/Middleware/StartSession::startSession():143}()
#14 C:/Users/amaya/OneDrive/Documentos/ferreteria-abrinal-web/v2-laravel/vendor/laravel/framework/src/Illuminate/Session/Middleware/StartSession.php(143): tap()
#15 C:/Users/amaya/OneDrive/Documentos/ferreteria-abrinal-web/v2-laravel/vendor/laravel/framework/src/Illuminate/Session/Middleware/StartSession.php(115): Illuminate/Session/Middleware/StartSession->startSession()
#16 C:/Users/amaya/OneDrive/Documentos/ferreteria-abrinal-web/v2-laravel/vendor/laravel/framework/src/Illuminate/Session/Middleware/StartSession.php(63): Illuminate/Session/Middleware/StartSession->handleStatefulRequest()
#17 C:/Users/amaya/OneDrive/Documentos/ferreteria-abrinal-web/v2-laravel/vendor/laravel/framework/src/Illuminate/Pipeline/Pipeline.php(219): Illuminate/Session/Middleware/StartSession->handle()
#18 C:/Users/amaya/OneDrive/Documentos/ferreteria-abrinal-web/v2-laravel/vendor/laravel/framework/src/Illuminate/Cookie/Middleware/AddQueuedCookiesToResponse.php(36): Illuminate/Pipeline/Pipeline->{closure:{closure:Illuminate/Pipeline/Pipeline::carry():194}:195}()
#19 C:/Users/amaya/OneDrive/Documentos/ferreteria-abrinal-web/v2-laravel/vendor/laravel/framework/src/Illuminate/Pipeline/Pipeline.php(219): Illuminate/Cookie/Middleware/AddQueuedCookiesToResponse->handle()
#20 C:/Users/amaya/OneDrive/Documentos/ferreteria-abrinal-web/v2-laravel/vendor/laravel/framework/src/Illuminate/Cookie/Middleware/EncryptCookies.php(74): Illuminate/Pipeline/Pipeline->{closure:{closure:Illuminate/Pipeline/Pipeline::carry():194}:195}()
#21 C:/Users/amaya/OneDrive/Documentos/ferreteria-abrinal-web/v2-laravel/vendor/laravel/framework/src/Illuminate/Pipeline/Pipeline.php(219): Illuminate/Cookie/Middleware/EncryptCookies->handle()
#22 C:/Users/amaya/OneDrive/Documentos/ferreteria-abrinal-web/v2-laravel/vendor/laravel/framework/src/Illuminate/Pipeline/Pipeline.php(137): Illuminate/Pipeline/Pipeline->{closure:{closure:Illuminate/Pipeline/Pipeline::carry():194}:195}()
#23 C:/Users/amaya/OneDrive/Documentos/ferreteria-abrinal-web/v2-laravel/vendor/laravel/framework/src/Illuminate/Routing/Router.php(821): Illuminate/Pipeline/Pipeline->then()
#24 C:/Users/amaya/OneDrive/Documentos/ferreteria-abrinal-web/v2-laravel/vendor/laravel/framework/src/Illuminate/Routing/Router.php(800): Illuminate/Routing/Router->runRouteWithinStack()
#25 C:/Users/amaya/OneDrive/Documentos/ferreteria-abrinal-web/v2-laravel/vendor/laravel/framework/src/Illuminate/Routing/Router.php(764): Illuminate/Routing/Router->runRoute()
#26 C:/Users/amaya/OneDrive/Documentos/ferreteria-abrinal-web/v2-laravel/vendor/laravel/framework/src/Illuminate/Routing/Router.php(753): Illuminate/Routing/Router->dispatchToRoute()
#27 C:/Users/amaya/OneDrive/Documentos/ferreteria-abrinal-web/v2-laravel/vendor/laravel/framework/src/Illuminate/Foundation/Http/Kernel.php(200): Illuminate/Routing/Router->dispatch()
#28 C:/Users/amaya/OneDrive/Documentos/ferreteria-abrinal-web/v2-laravel/vendor/laravel/framework/src/Illuminate/Pipeline/Pipeline.php(180): Illuminate/Foundation/Http/Kernel->{closure:Illuminate/Foundation/Http/Kernel::dispatchToRouter():197}()
#29 C:/Users/amaya/OneDrive/Documentos/ferreteria-abrinal-web/v2-laravel/vendor/laravel/framework/src/Illuminate/Foundation/Http/Middleware/TransformsRequest.php(21): Illuminate/Pipeline/Pipeline->{closure:Illuminate/Pipeline/Pipeline::prepareDestination():178}()
#30 C:/Users/amaya/OneDrive/Documentos/ferreteria-abrinal-web/v2-laravel/vendor/laravel/framework/src/Illuminate/Foundation/Http/Middleware/ConvertEmptyStringsToNull.php(31): Illuminate/Foundation/Http/Middleware/TransformsRequest->handle()
#31 C:/Users/amaya/OneDrive/Documentos/ferreteria-abrinal-web/v2-laravel/vendor/laravel/framework/src/Illuminate/Pipeline/Pipeline.php(219): Illuminate/Foundation/Http/Middleware/ConvertEmptyStringsToNull->handle()
#32 C:/Users/amaya/OneDrive/Documentos/ferreteria-abrinal-web/v2-laravel/vendor/laravel/framework/src/Illuminate/Foundation/Http/Middleware/TransformsRequest.php(21): Illuminate/Pipeline/Pipeline->{closure:{closure:Illuminate/Pipeline/Pipeline::carry():194}:195}()
#33 C:/Users/amaya/OneDrive/Documentos/ferreteria-abrinal-web/v2-laravel/vendor/laravel/framework/src/Illuminate/Foundation/Http/Middleware/TrimStrings.php(51): Illuminate/Foundation/Http/Middleware/TransformsRequest->handle()
#34 C:/Users/amaya/OneDrive/Documentos/ferreteria-abrinal-web/v2-laravel/vendor/laravel/framework/src/Illuminate/Pipeline/Pipeline.php(219): Illuminate/Foundation/Http/Middleware/TrimStrings->handle()
#35 C:/Users/amaya/OneDrive/Documentos/ferreteria-abrinal-web/v2-laravel/vendor/laravel/framework/src/Illuminate/Http/Middleware/ValidatePostSize.php(27): Illuminate/Pipeline/Pipeline->{closure:{closure:Illuminate/Pipeline/Pipeline::carry():194}:195}()
#36 C:/Users/amaya/OneDrive/Documentos/ferreteria-abrinal-web/v2-laravel/vendor/laravel/framework/src/Illuminate/Pipeline/Pipeline.php(219): Illuminate/Http/Middleware/ValidatePostSize->handle()
#37 C:/Users/amaya/OneDrive/Documentos/ferreteria-abrinal-web/v2-laravel/vendor/laravel/framework/src/Illuminate/Foundation/Http/Middleware/PreventRequestsDuringMaintenance.php(109): Illuminate/Pipeline/Pipeline->{closure:{closure:Illuminate/Pipeline/Pipeline::carry():194}:195}()
#38 C:/Users/amaya/OneDrive/Documentos/ferreteria-abrinal-web/v2-laravel/vendor/laravel/framework/src/Illuminate/Pipeline/Pipeline.php(219): Illuminate/Foundation/Http/Middleware/PreventRequestsDuringMaintenance->handle()
#39 C:/Users/amaya/OneDrive/Documentos/ferreteria-abrinal-web/v2-laravel/vendor/laravel/framework/src/Illuminate/Http/Middleware/HandleCors.php(61): Illuminate/Pipeline/Pipeline->{closure:{closure:Illuminate/Pipeline/Pipeline::carry():194}:195}()
#40 C:/Users/amaya/OneDrive/Documentos/ferreteria-abrinal-web/v2-laravel/vendor/laravel/framework/src/Illuminate/Pipeline/Pipeline.php(219): Illuminate/Http/Middleware/HandleCors->handle()
#41 C:/Users/amaya/OneDrive/Documentos/ferreteria-abrinal-web/v2-laravel/vendor/laravel/framework/src/Illuminate/Http/Middleware/TrustProxies.php(58): Illuminate/Pipeline/Pipeline->{closure:{closure:Illuminate/Pipeline/Pipeline::carry():194}:195}()
#42 C:/Users/amaya/OneDrive/Documentos/ferreteria-abrinal-web/v2-laravel/vendor/laravel/framework/src/Illuminate/Pipeline/Pipeline.php(219): Illuminate/Http/Middleware/TrustProxies->handle()
#43 C:/Users/amaya/OneDrive/Documentos/ferreteria-abrinal-web/v2-laravel/vendor/laravel/framework/src/Illuminate/Foundation/Http/Middleware/InvokeDeferredCallbacks.php(22): Illuminate/Pipeline/Pipeline->{closure:{closure:Illuminate/Pipeline/Pipeline::carry():194}:195}()
#44 C:/Users/amaya/OneDrive/Documentos/ferreteria-abrinal-web/v2-laravel/vendor/laravel/framework/src/Illuminate/Pipeline/Pipeline.php(219): Illuminate/Foundation/Http/Middleware/InvokeDeferredCallbacks->handle()
#45 C:/Users/amaya/OneDrive/Documentos/ferreteria-abrinal-web/v2-laravel/vendor/laravel/framework/src/Illuminate/Http/Middleware/ValidatePathEncoding.php(26): Illuminate/Pipeline/Pipeline->{closure:{closure:Illuminate/Pipeline/Pipeline::carry():194}:195}()
#46 C:/Users/amaya/OneDrive/Documentos/ferreteria-abrinal-web/v2-laravel/vendor/laravel/framework/src/Illuminate/Pipeline/Pipeline.php(219): Illuminate/Http/Middleware/ValidatePathEncoding->handle()
#47 C:/Users/amaya/OneDrive/Documentos/ferreteria-abrinal-web/v2-laravel/vendor/laravel/framework/src/Illuminate/Pipeline/Pipeline.php(137): Illuminate/Pipeline/Pipeline->{closure:{closure:Illuminate/Pipeline/Pipeline::carry():194}:195}()
#48 C:/Users/amaya/OneDrive/Documentos/ferreteria-abrinal-web/v2-laravel/vendor/laravel/framework/src/Illuminate/Foundation/Http/Kernel.php(175): Illuminate/Pipeline/Pipeline->then()
#49 C:/Users/amaya/OneDrive/Documentos/ferreteria-abrinal-web/v2-laravel/vendor/laravel/framework/src/Illuminate/Foundation/Http/Kernel.php(144): Illuminate/Foundation/Http/Kernel->sendRequestThroughRouter()
#50 C:/Users/amaya/OneDrive/Documentos/ferreteria-abrinal-web/v2-laravel/vendor/laravel/framework/src/Illuminate/Foundation/Application.php(1220): Illuminate/Foundation/Http/Kernel->handle()
#51 C:/Users/amaya/OneDrive/Documentos/ferreteria-abrinal-web/v2-laravel/public/index.php(15): Illuminate/Foundation/Application->handleRequest()
#52 C:/Users/amaya/OneDrive/Documentos/ferreteria-abrinal-web/v2-laravel/vendor/laravel/framework/src/Illuminate/Foundation/resources/server.php(23): require_once('...')
#53 {main}

[previous exception] [object] (PDOException(code: 42P01): SQLSTATE[42P01]: Undefined table: 7 ERROR:  no existe la relación «sessions»
LINE 1: select * from \"sessions\" where \"id\" = $1 limit 1
                      ^ at C:/Users/amaya/OneDrive/Documentos/ferreteria-abrinal-web/v2-laravel/vendor/laravel/framework/src/Illuminate/Database/Connection.php:425)
[stacktrace]
#0 C:/Users/amaya/OneDrive/Documentos/ferreteria-abrinal-web/v2-laravel/vendor/laravel/framework/src/Illuminate/Database/Connection.php(425): PDOStatement->execute()
#1 C:/Users/amaya/OneDrive/Documentos/ferreteria-abrinal-web/v2-laravel/vendor/laravel/framework/src/Illuminate/Database/Connection.php(827): Illuminate/Database/Connection->{closure:Illuminate/Database/Connection::select():411}()
#2 C:/Users/amaya/OneDrive/Documentos/ferreteria-abrinal-web/v2-laravel/vendor/laravel/framework/src/Illuminate/Database/Connection.php(794): Illuminate/Database/Connection->runQueryCallback()
#3 C:/Users/amaya/OneDrive/Documentos/ferreteria-abrinal-web/v2-laravel/vendor/laravel/framework/src/Illuminate/Database/Connection.php(411): Illuminate/Database/Connection->run()
#4 C:/Users/amaya/OneDrive/Documentos/ferreteria-abrinal-web/v2-laravel/vendor/laravel/framework/src/Illuminate/Database/Query/Builder.php(3438): Illuminate/Database/Connection->select()
#5 C:/Users/amaya/OneDrive/Documentos/ferreteria-abrinal-web/v2-laravel/vendor/laravel/framework/src/Illuminate/Database/Query/Builder.php(3423): Illuminate/Database/Query/Builder->runSelect()
#6 C:/Users/amaya/OneDrive/Documentos/ferreteria-abrinal-web/v2-laravel/vendor/laravel/framework/src/Illuminate/Database/Query/Builder.php(4013): Illuminate/Database/Query/Builder->{closure:Illuminate/Database/Query/Builder::get():3422}()
#7 C:/Users/amaya/OneDrive/Documentos/ferreteria-abrinal-web/v2-laravel/vendor/laravel/framework/src/Illuminate/Database/Query/Builder.php(3422): Illuminate/Database/Query/Builder->onceWithColumns()
#8 C:/Users/amaya/OneDrive/Documentos/ferreteria-abrinal-web/v2-laravel/vendor/laravel/framework/src/Illuminate/Database/Concerns/BuildsQueries.php(366): Illuminate/Database/Query/Builder->get()
#9 C:/Users/amaya/OneDrive/Documentos/ferreteria-abrinal-web/v2-laravel/vendor/laravel/framework/src/Illuminate/Database/Query/Builder.php(3345): Illuminate/Database/Query/Builder->first()
#10 C:/Users/amaya/OneDrive/Documentos/ferreteria-abrinal-web/v2-laravel/vendor/laravel/framework/src/Illuminate/Session/DatabaseSessionHandler.php(96): Illuminate/Database/Query/Builder->find()
#11 C:/Users/amaya/OneDrive/Documentos/ferreteria-abrinal-web/v2-laravel/vendor/laravel/framework/src/Illuminate/Session/Store.php(128): Illuminate/Session/DatabaseSessionHandler->read()
#12 C:/Users/amaya/OneDrive/Documentos/ferreteria-abrinal-web/v2-laravel/vendor/laravel/framework/src/Illuminate/Session/Store.php(116): Illuminate/Session/Store->readFromHandler()
#13 C:/Users/amaya/OneDrive/Documentos/ferreteria-abrinal-web/v2-laravel/vendor/laravel/framework/src/Illuminate/Session/Store.php(100): Illuminate/Session/Store->loadSession()
#14 C:/Users/amaya/OneDrive/Documentos/ferreteria-abrinal-web/v2-laravel/vendor/laravel/framework/src/Illuminate/Session/Middleware/StartSession.php(146): Illuminate/Session/Store->start()
#15 C:/Users/amaya/OneDrive/Documentos/ferreteria-abrinal-web/v2-laravel/vendor/laravel/framework/src/Illuminate/Support/helpers.php(388): Illuminate/Session/Middleware/StartSession->{closure:Illuminate/Session/Middleware/StartSession::startSession():143}()
#16 C:/Users/amaya/OneDrive/Documentos/ferreteria-abrinal-web/v2-laravel/vendor/laravel/framework/src/Illuminate/Session/Middleware/StartSession.php(143): tap()
#17 C:/Users/amaya/OneDrive/Documentos/ferreteria-abrinal-web/v2-laravel/vendor/laravel/framework/src/Illuminate/Session/Middleware/StartSession.php(115): Illuminate/Session/Middleware/StartSession->startSession()
#18 C:/Users/amaya/OneDrive/Documentos/ferreteria-abrinal-web/v2-laravel/vendor/laravel/framework/src/Illuminate/Session/Middleware/StartSession.php(63): Illuminate/Session/Middleware/StartSession->handleStatefulRequest()
#19 C:/Users/amaya/OneDrive/Documentos/ferreteria-abrinal-web/v2-laravel/vendor/laravel/framework/src/Illuminate/Pipeline/Pipeline.php(219): Illuminate/Session/Middleware/StartSession->handle()
#20 C:/Users/amaya/OneDrive/Documentos/ferreteria-abrinal-web/v2-laravel/vendor/laravel/framework/src/Illuminate/Cookie/Middleware/AddQueuedCookiesToResponse.php(36): Illuminate/Pipeline/Pipeline->{closure:{closure:Illuminate/Pipeline/Pipeline::carry():194}:195}()
#21 C:/Users/amaya/OneDrive/Documentos/ferreteria-abrinal-web/v2-laravel/vendor/laravel/framework/src/Illuminate/Pipeline/Pipeline.php(219): Illuminate/Cookie/Middleware/AddQueuedCookiesToResponse->handle()
#22 C:/Users/amaya/OneDrive/Documentos/ferreteria-abrinal-web/v2-laravel/vendor/laravel/framework/src/Illuminate/Cookie/Middleware/EncryptCookies.php(74): Illuminate/Pipeline/Pipeline->{closure:{closure:Illuminate/Pipeline/Pipeline::carry():194}:195}()
#23 C:/Users/amaya/OneDrive/Documentos/ferreteria-abrinal-web/v2-laravel/vendor/laravel/framework/src/Illuminate/Pipeline/Pipeline.php(219): Illuminate/Cookie/Middleware/EncryptCookies->handle()
#24 C:/Users/amaya/OneDrive/Documentos/ferreteria-abrinal-web/v2-laravel/vendor/laravel/framework/src/Illuminate/Pipeline/Pipeline.php(137): Illuminate/Pipeline/Pipeline->{closure:{closure:Illuminate/Pipeline/Pipeline::carry():194}:195}()
#25 C:/Users/amaya/OneDrive/Documentos/ferreteria-abrinal-web/v2-laravel/vendor/laravel/framework/src/Illuminate/Routing/Router.php(821): Illuminate/Pipeline/Pipeline->then()
#26 C:/Users/amaya/OneDrive/Documentos/ferreteria-abrinal-web/v2-laravel/vendor/laravel/framework/src/Illuminate/Routing/Router.php(800): Illuminate/Routing/Router->runRouteWithinStack()
#27 C:/Users/amaya/OneDrive/Documentos/ferreteria-abrinal-web/v2-laravel/vendor/laravel/framework/src/Illuminate/Routing/Router.php(764): Illuminate/Routing/Router->runRoute()
#28 C:/Users/amaya/OneDrive/Documentos/ferreteria-abrinal-web/v2-laravel/vendor/laravel/framework/src/Illuminate/Routing/Router.php(753): Illuminate/Routing/Router->dispatchToRoute()
#29 C:/Users/amaya/OneDrive/Documentos/ferreteria-abrinal-web/v2-laravel/vendor/laravel/framework/src/Illuminate/Foundation/Http/Kernel.php(200): Illuminate/Routing/Router->dispatch()
#30 C:/Users/amaya/OneDrive/Documentos/ferreteria-abrinal-web/v2-laravel/vendor/laravel/framework/src/Illuminate/Pipeline/Pipeline.php(180): Illuminate/Foundation/Http/Kernel->{closure:Illuminate/Foundation/Http/Kernel::dispatchToRouter():197}()
#31 C:/Users/amaya/OneDrive/Documentos/ferreteria-abrinal-web/v2-laravel/vendor/laravel/framework/src/Illuminate/Foundation/Http/Middleware/TransformsRequest.php(21): Illuminate/Pipeline/Pipeline->{closure:Illuminate/Pipeline/Pipeline::prepareDestination():178}()
#32 C:/Users/amaya/OneDrive/Documentos/ferreteria-abrinal-web/v2-laravel/vendor/laravel/framework/src/Illuminate/Foundation/Http/Middleware/ConvertEmptyStringsToNull.php(31): Illuminate/Foundation/Http/Middleware/TransformsRequest->handle()
#33 C:/Users/amaya/OneDrive/Documentos/ferreteria-abrinal-web/v2-laravel/vendor/laravel/framework/src/Illuminate/Pipeline/Pipeline.php(219): Illuminate/Foundation/Http/Middleware/ConvertEmptyStringsToNull->handle()
#34 C:/Users/amaya/OneDrive/Documentos/ferreteria-abrinal-web/v2-laravel/vendor/laravel/framework/src/Illuminate/Foundation/Http/Middleware/TransformsRequest.php(21): Illuminate/Pipeline/Pipeline->{closure:{closure:Illuminate/Pipeline/Pipeline::carry():194}:195}()
#35 C:/Users/amaya/OneDrive/Documentos/ferreteria-abrinal-web/v2-laravel/vendor/laravel/framework/src/Illuminate/Foundation/Http/Middleware/TrimStrings.php(51): Illuminate/Foundation/Http/Middleware/TransformsRequest->handle()
#36 C:/Users/amaya/OneDrive/Documentos/ferreteria-abrinal-web/v2-laravel/vendor/laravel/framework/src/Illuminate/Pipeline/Pipeline.php(219): Illuminate/Foundation/Http/Middleware/TrimStrings->handle()
#37 C:/Users/amaya/OneDrive/Documentos/ferreteria-abrinal-web/v2-laravel/vendor/laravel/framework/src/Illuminate/Http/Middleware/ValidatePostSize.php(27): Illuminate/Pipeline/Pipeline->{closure:{closure:Illuminate/Pipeline/Pipeline::carry():194}:195}()
#38 C:/Users/amaya/OneDrive/Documentos/ferreteria-abrinal-web/v2-laravel/vendor/laravel/framework/src/Illuminate/Pipeline/Pipeline.php(219): Illuminate/Http/Middleware/ValidatePostSize->handle()
#39 C:/Users/amaya/OneDrive/Documentos/ferreteria-abrinal-web/v2-laravel/vendor/laravel/framework/src/Illuminate/Foundation/Http/Middleware/PreventRequestsDuringMaintenance.php(109): Illuminate/Pipeline/Pipeline->{closure:{closure:Illuminate/Pipeline/Pipeline::carry():194}:195}()
#40 C:/Users/amaya/OneDrive/Documentos/ferreteria-abrinal-web/v2-laravel/vendor/laravel/framework/src/Illuminate/Pipeline/Pipeline.php(219): Illuminate/Foundation/Http/Middleware/PreventRequestsDuringMaintenance->handle()
#41 C:/Users/amaya/OneDrive/Documentos/ferreteria-abrinal-web/v2-laravel/vendor/laravel/framework/src/Illuminate/Http/Middleware/HandleCors.php(61): Illuminate/Pipeline/Pipeline->{closure:{closure:Illuminate/Pipeline/Pipeline::carry():194}:195}()
#42 C:/Users/amaya/OneDrive/Documentos/ferreteria-abrinal-web/v2-laravel/vendor/laravel/framework/src/Illuminate/Pipeline/Pipeline.php(219): Illuminate/Http/Middleware/HandleCors->handle()
#43 C:/Users/amaya/OneDrive/Documentos/ferreteria-abrinal-web/v2-laravel/vendor/laravel/framework/src/Illuminate/Http/Middleware/TrustProxies.php(58): Illuminate/Pipeline/Pipeline->{closure:{closure:Illuminate/Pipeline/Pipeline::carry():194}:195}()
#44 C:/Users/amaya/OneDrive/Documentos/ferreteria-abrinal-web/v2-laravel/vendor/laravel/framework/src/Illuminate/Pipeline/Pipeline.php(219): Illuminate/Http/Middleware/TrustProxies->handle()
#45 C:/Users/amaya/OneDrive/Documentos/ferreteria-abrinal-web/v2-laravel/vendor/laravel/framework/src/Illuminate/Foundation/Http/Middleware/InvokeDeferredCallbacks.php(22): Illuminate/Pipeline/Pipeline->{closure:{closure:Illuminate/Pipeline/Pipeline::carry():194}:195}()
#46 C:/Users/amaya/OneDrive/Documentos/ferreteria-abrinal-web/v2-laravel/vendor/laravel/framework/src/Illuminate/Pipeline/Pipeline.php(219): Illuminate/Foundation/Http/Middleware/InvokeDeferredCallbacks->handle()
#47 C:/Users/amaya/OneDrive/Documentos/ferreteria-abrinal-web/v2-laravel/vendor/laravel/framework/src/Illuminate/Http/Middleware/ValidatePathEncoding.php(26): Illuminate/Pipeline/Pipeline->{closure:{closure:Illuminate/Pipeline/Pipeline::carry():194}:195}()
#48 C:/Users/amaya/OneDrive/Documentos/ferreteria-abrinal-web/v2-laravel/vendor/laravel/framework/src/Illuminate/Pipeline/Pipeline.php(219): Illuminate/Http/Middleware/ValidatePathEncoding->handle()
#49 C:/Users/amaya/OneDrive/Documentos/ferreteria-abrinal-web/v2-laravel/vendor/laravel/framework/src/Illuminate/Pipeline/Pipeline.php(137): Illuminate/Pipeline/Pipeline->{closure:{closure:Illuminate/Pipeline/Pipeline::carry():194}:195}()
#50 C:/Users/amaya/OneDrive/Documentos/ferreteria-abrinal-web/v2-laravel/vendor/laravel/framework/src/Illuminate/Foundation/Http/Kernel.php(175): Illuminate/Pipeline/Pipeline->then()
#51 C:/Users/amaya/OneDrive/Documentos/ferreteria-abrinal-web/v2-laravel/vendor/laravel/framework/src/Illuminate/Foundation/Http/Kernel.php(144): Illuminate/Foundation/Http/Kernel->sendRequestThroughRouter()
#52 C:/Users/amaya/OneDrive/Documentos/ferreteria-abrinal-web/v2-laravel/vendor/laravel/framework/src/Illuminate/Foundation/Application.php(1220): Illuminate/Foundation/Http/Kernel->handle()
#53 C:/Users/amaya/OneDrive/Documentos/ferreteria-abrinal-web/v2-laravel/public/index.php(15): Illuminate/Foundation/Application->handleRequest()
#54 C:/Users/amaya/OneDrive/Documentos/ferreteria-abrinal-web/v2-laravel/vendor/laravel/framework/src/Illuminate/Foundation/resources/server.php(23): require_once('...')
#55 {main}
"} 
[2026-02-23 09:41:07] local.ERROR: SQLSTATE[42P01]: Undefined table: 7 ERROR:  no existe la relación «sessions»
LINE 1: select * from "sessions" where "id" = $1 limit 1
                      ^ (Connection: pgsql, Host: 127.0.0.1, Port: 5432, Database: ferreteria_abrinal, SQL: select * from "sessions" where "id" = SrUuoOegJdXuqx8Oihvhj2hor334cikTlM0ud2yx limit 1) {"exception":"[object] (Illuminate\\Database\\QueryException(code: 42P01): SQLSTATE[42P01]: Undefined table: 7 ERROR:  no existe la relación «sessions»
LINE 1: select * from \"sessions\" where \"id\" = $1 limit 1
                      ^ (Connection: pgsql, Host: 127.0.0.1, Port: 5432, Database: ferreteria_abrinal, SQL: select * from \"sessions\" where \"id\" = SrUuoOegJdXuqx8Oihvhj2hor334cikTlM0ud2yx limit 1) at C:/Users/amaya/OneDrive/Documentos/ferreteria-abrinal-web/v2-laravel/vendor/laravel/framework/src/Illuminate/Database/Connection.php:838)
[stacktrace]
#0 C:/Users/amaya/OneDrive/Documentos/ferreteria-abrinal-web/v2-laravel/vendor/laravel/framework/src/Illuminate/Database/Connection.php(794): Illuminate/Database/Connection->runQueryCallback()
#1 C:/Users/amaya/OneDrive/Documentos/ferreteria-abrinal-web/v2-laravel/vendor/laravel/framework/src/Illuminate/Database/Connection.php(411): Illuminate/Database/Connection->run()
#2 C:/Users/amaya/OneDrive/Documentos/ferreteria-abrinal-web/v2-laravel/vendor/laravel/framework/src/Illuminate/Database/Query/Builder.php(3438): Illuminate/Database/Connection->select()
#3 C:/Users/amaya/OneDrive/Documentos/ferreteria-abrinal-web/v2-laravel/vendor/laravel/framework/src/Illuminate/Database/Query/Builder.php(3423): Illuminate/Database/Query/Builder->runSelect()
#4 C:/Users/amaya/OneDrive/Documentos/ferreteria-abrinal-web/v2-laravel/vendor/laravel/framework/src/Illuminate/Database/Query/Builder.php(4013): Illuminate/Database/Query/Builder->{closure:Illuminate/Database/Query/Builder::get():3422}()
#5 C:/Users/amaya/OneDrive/Documentos/ferreteria-abrinal-web/v2-laravel/vendor/laravel/framework/src/Illuminate/Database/Query/Builder.php(3422): Illuminate/Database/Query/Builder->onceWithColumns()
#6 C:/Users/amaya/OneDrive/Documentos/ferreteria-abrinal-web/v2-laravel/vendor/laravel/framework/src/Illuminate/Database/Concerns/BuildsQueries.php(366): Illuminate/Database/Query/Builder->get()
#7 C:/Users/amaya/OneDrive/Documentos/ferreteria-abrinal-web/v2-laravel/vendor/laravel/framework/src/Illuminate/Database/Query/Builder.php(3345): Illuminate/Database/Query/Builder->first()
#8 C:/Users/amaya/OneDrive/Documentos/ferreteria-abrinal-web/v2-laravel/vendor/laravel/framework/src/Illuminate/Session/DatabaseSessionHandler.php(96): Illuminate/Database/Query/Builder->find()
#9 C:/Users/amaya/OneDrive/Documentos/ferreteria-abrinal-web/v2-laravel/vendor/laravel/framework/src/Illuminate/Session/Store.php(128): Illuminate/Session/DatabaseSessionHandler->read()
#10 C:/Users/amaya/OneDrive/Documentos/ferreteria-abrinal-web/v2-laravel/vendor/laravel/framework/src/Illuminate/Session/Store.php(116): Illuminate/Session/Store->readFromHandler()
#11 C:/Users/amaya/OneDrive/Documentos/ferreteria-abrinal-web/v2-laravel/vendor/laravel/framework/src/Illuminate/Session/Store.php(100): Illuminate/Session/Store->loadSession()
#12 C:/Users/amaya/OneDrive/Documentos/ferreteria-abrinal-web/v2-laravel/vendor/laravel/framework/src/Illuminate/Session/Middleware/StartSession.php(146): Illuminate/Session/Store->start()
#13 C:/Users/amaya/OneDrive/Documentos/ferreteria-abrinal-web/v2-laravel/vendor/laravel/framework/src/Illuminate/Support/helpers.php(388): Illuminate/Session/Middleware/StartSession->{closure:Illuminate/Session/Middleware/StartSession::startSession():143}()
#14 C:/Users/amaya/OneDrive/Documentos/ferreteria-abrinal-web/v2-laravel/vendor/laravel/framework/src/Illuminate/Session/Middleware/StartSession.php(143): tap()
#15 C:/Users/amaya/OneDrive/Documentos/ferreteria-abrinal-web/v2-laravel/vendor/laravel/framework/src/Illuminate/Session/Middleware/StartSession.php(115): Illuminate/Session/Middleware/StartSession->startSession()
#16 C:/Users/amaya/OneDrive/Documentos/ferreteria-abrinal-web/v2-laravel/vendor/laravel/framework/src/Illuminate/Session/Middleware/StartSession.php(63): Illuminate/Session/Middleware/StartSession->handleStatefulRequest()
#17 C:/Users/amaya/OneDrive/Documentos/ferreteria-abrinal-web/v2-laravel/vendor/laravel/framework/src/Illuminate/Pipeline/Pipeline.php(219): Illuminate/Session/Middleware/StartSession->handle()
#18 C:/Users/amaya/OneDrive/Documentos/ferreteria-abrinal-web/v2-laravel/vendor/laravel/framework/src/Illuminate/Cookie/Middleware/AddQueuedCookiesToResponse.php(36): Illuminate/Pipeline/Pipeline->{closure:{closure:Illuminate/Pipeline/Pipeline::carry():194}:195}()
#19 C:/Users/amaya/OneDrive/Documentos/ferreteria-abrinal-web/v2-laravel/vendor/laravel/framework/src/Illuminate/Pipeline/Pipeline.php(219): Illuminate/Cookie/Middleware/AddQueuedCookiesToResponse->handle()
#20 C:/Users/amaya/OneDrive/Documentos/ferreteria-abrinal-web/v2-laravel/vendor/laravel/framework/src/Illuminate/Cookie/Middleware/EncryptCookies.php(74): Illuminate/Pipeline/Pipeline->{closure:{closure:Illuminate/Pipeline/Pipeline::carry():194}:195}()
#21 C:/Users/amaya/OneDrive/Documentos/ferreteria-abrinal-web/v2-laravel/vendor/laravel/framework/src/Illuminate/Pipeline/Pipeline.php(219): Illuminate/Cookie/Middleware/EncryptCookies->handle()
#22 C:/Users/amaya/OneDrive/Documentos/ferreteria-abrinal-web/v2-laravel/vendor/laravel/framework/src/Illuminate/Pipeline/Pipeline.php(137): Illuminate/Pipeline/Pipeline->{closure:{closure:Illuminate/Pipeline/Pipeline::carry():194}:195}()
#23 C:/Users/amaya/OneDrive/Documentos/ferreteria-abrinal-web/v2-laravel/vendor/laravel/framework/src/Illuminate/Routing/Router.php(821): Illuminate/Pipeline/Pipeline->then()
#24 C:/Users/amaya/OneDrive/Documentos/ferreteria-abrinal-web/v2-laravel/vendor/laravel/framework/src/Illuminate/Routing/Router.php(800): Illuminate/Routing/Router->runRouteWithinStack()
#25 C:/Users/amaya/OneDrive/Documentos/ferreteria-abrinal-web/v2-laravel/vendor/laravel/framework/src/Illuminate/Routing/Router.php(764): Illuminate/Routing/Router->runRoute()
#26 C:/Users/amaya/OneDrive/Documentos/ferreteria-abrinal-web/v2-laravel/vendor/laravel/framework/src/Illuminate/Routing/Router.php(753): Illuminate/Routing/Router->dispatchToRoute()
#27 C:/Users/amaya/OneDrive/Documentos/ferreteria-abrinal-web/v2-laravel/vendor/laravel/framework/src/Illuminate/Foundation/Http/Kernel.php(200): Illuminate/Routing/Router->dispatch()
#28 C:/Users/amaya/OneDrive/Documentos/ferreteria-abrinal-web/v2-laravel/vendor/laravel/framework/src/Illuminate/Pipeline/Pipeline.php(180): Illuminate/Foundation/Http/Kernel->{closure:Illuminate/Foundation/Http/Kernel::dispatchToRouter():197}()
#29 C:/Users/amaya/OneDrive/Documentos/ferreteria-abrinal-web/v2-laravel/vendor/laravel/framework/src/Illuminate/Foundation/Http/Middleware/TransformsRequest.php(21): Illuminate/Pipeline/Pipeline->{closure:Illuminate/Pipeline/Pipeline::prepareDestination():178}()
#30 C:/Users/amaya/OneDrive/Documentos/ferreteria-abrinal-web/v2-laravel/vendor/laravel/framework/src/Illuminate/Foundation/Http/Middleware/ConvertEmptyStringsToNull.php(31): Illuminate/Foundation/Http/Middleware/TransformsRequest->handle()
#31 C:/Users/amaya/OneDrive/Documentos/ferreteria-abrinal-web/v2-laravel/vendor/laravel/framework/src/Illuminate/Pipeline/Pipeline.php(219): Illuminate/Foundation/Http/Middleware/ConvertEmptyStringsToNull->handle()
#32 C:/Users/amaya/OneDrive/Documentos/ferreteria-abrinal-web/v2-laravel/vendor/laravel/framework/src/Illuminate/Foundation/Http/Middleware/TransformsRequest.php(21): Illuminate/Pipeline/Pipeline->{closure:{closure:Illuminate/Pipeline/Pipeline::carry():194}:195}()
#33 C:/Users/amaya/OneDrive/Documentos/ferreteria-abrinal-web/v2-laravel/vendor/laravel/framework/src/Illuminate/Foundation/Http/Middleware/TrimStrings.php(51): Illuminate/Foundation/Http/Middleware/TransformsRequest->handle()
#34 C:/Users/amaya/OneDrive/Documentos/ferreteria-abrinal-web/v2-laravel/vendor/laravel/framework/src/Illuminate/Pipeline/Pipeline.php(219): Illuminate/Foundation/Http/Middleware/TrimStrings->handle()
#35 C:/Users/amaya/OneDrive/Documentos/ferreteria-abrinal-web/v2-laravel/vendor/laravel/framework/src/Illuminate/Http/Middleware/ValidatePostSize.php(27): Illuminate/Pipeline/Pipeline->{closure:{closure:Illuminate/Pipeline/Pipeline::carry():194}:195}()
#36 C:/Users/amaya/OneDrive/Documentos/ferreteria-abrinal-web/v2-laravel/vendor/laravel/framework/src/Illuminate/Pipeline/Pipeline.php(219): Illuminate/Http/Middleware/ValidatePostSize->handle()
#37 C:/Users/amaya/OneDrive/Documentos/ferreteria-abrinal-web/v2-laravel/vendor/laravel/framework/src/Illuminate/Foundation/Http/Middleware/PreventRequestsDuringMaintenance.php(109): Illuminate/Pipeline/Pipeline->{closure:{closure:Illuminate/Pipeline/Pipeline::carry():194}:195}()
#38 C:/Users/amaya/OneDrive/Documentos/ferreteria-abrinal-web/v2-laravel/vendor/laravel/framework/src/Illuminate/Pipeline/Pipeline.php(219): Illuminate/Foundation/Http/Middleware/PreventRequestsDuringMaintenance->handle()
#39 C:/Users/amaya/OneDrive/Documentos/ferreteria-abrinal-web/v2-laravel/vendor/laravel/framework/src/Illuminate/Http/Middleware/HandleCors.php(61): Illuminate/Pipeline/Pipeline->{closure:{closure:Illuminate/Pipeline/Pipeline::carry():194}:195}()
#40 C:/Users/amaya/OneDrive/Documentos/ferreteria-abrinal-web/v2-laravel/vendor/laravel/framework/src/Illuminate/Pipeline/Pipeline.php(219): Illuminate/Http/Middleware/HandleCors->handle()
#41 C:/Users/amaya/OneDrive/Documentos/ferreteria-abrinal-web/v2-laravel/vendor/laravel/framework/src/Illuminate/Http/Middleware/TrustProxies.php(58): Illuminate/Pipeline/Pipeline->{closure:{closure:Illuminate/Pipeline/Pipeline::carry():194}:195}()
#42 C:/Users/amaya/OneDrive/Documentos/ferreteria-abrinal-web/v2-laravel/vendor/laravel/framework/src/Illuminate/Pipeline/Pipeline.php(219): Illuminate/Http/Middleware/TrustProxies->handle()
#43 C:/Users/amaya/OneDrive/Documentos/ferreteria-abrinal-web/v2-laravel/vendor/laravel/framework/src/Illuminate/Foundation/Http/Middleware/InvokeDeferredCallbacks.php(22): Illuminate/Pipeline/Pipeline->{closure:{closure:Illuminate/Pipeline/Pipeline::carry():194}:195}()
#44 C:/Users/amaya/OneDrive/Documentos/ferreteria-abrinal-web/v2-laravel/vendor/laravel/framework/src/Illuminate/Pipeline/Pipeline.php(219): Illuminate/Foundation/Http/Middleware/InvokeDeferredCallbacks->handle()
#45 C:/Users/amaya/OneDrive/Documentos/ferreteria-abrinal-web/v2-laravel/vendor/laravel/framework/src/Illuminate/Http/Middleware/ValidatePathEncoding.php(26): Illuminate/Pipeline/Pipeline->{closure:{closure:Illuminate/Pipeline/Pipeline::carry():194}:195}()
#46 C:/Users/amaya/OneDrive/Documentos/ferreteria-abrinal-web/v2-laravel/vendor/laravel/framework/src/Illuminate/Pipeline/Pipeline.php(219): Illuminate/Http/Middleware/ValidatePathEncoding->handle()
#47 C:/Users/amaya/OneDrive/Documentos/ferreteria-abrinal-web/v2-laravel/vendor/laravel/framework/src/Illuminate/Pipeline/Pipeline.php(137): Illuminate/Pipeline/Pipeline->{closure:{closure:Illuminate/Pipeline/Pipeline::carry():194}:195}()
#48 C:/Users/amaya/OneDrive/Documentos/ferreteria-abrinal-web/v2-laravel/vendor/laravel/framework/src/Illuminate/Foundation/Http/Kernel.php(175): Illuminate/Pipeline/Pipeline->then()
#49 C:/Users/amaya/OneDrive/Documentos/ferreteria-abrinal-web/v2-laravel/vendor/laravel/framework/src/Illuminate/Foundation/Http/Kernel.php(144): Illuminate/Foundation/Http/Kernel->sendRequestThroughRouter()
#50 C:/Users/amaya/OneDrive/Documentos/ferreteria-abrinal-web/v2-laravel/vendor/laravel/framework/src/Illuminate/Foundation/Application.php(1220): Illuminate/Foundation/Http/Kernel->handle()
#51 C:/Users/amaya/OneDrive/Documentos/ferreteria-abrinal-web/v2-laravel/public/index.php(15): Illuminate/Foundation/Application->handleRequest()
#52 C:/Users/amaya/OneDrive/Documentos/ferreteria-abrinal-web/v2-laravel/vendor/laravel/framework/src/Illuminate/Foundation/resources/server.php(23): require_once('...')
#53 {main}

[previous exception] [object] (PDOException(code: 42P01): SQLSTATE[42P01]: Undefined table: 7 ERROR:  no existe la relación «sessions»
LINE 1: select * from \"sessions\" where \"id\" = $1 limit 1
                      ^ at C:/Users/amaya/OneDrive/Documentos/ferreteria-abrinal-web/v2-laravel/vendor/laravel/framework/src/Illuminate/Database/Connection.php:425)
[stacktrace]
#0 C:/Users/amaya/OneDrive/Documentos/ferreteria-abrinal-web/v2-laravel/vendor/laravel/framework/src/Illuminate/Database/Connection.php(425): PDOStatement->execute()
#1 C:/Users/amaya/OneDrive/Documentos/ferreteria-abrinal-web/v2-laravel/vendor/laravel/framework/src/Illuminate/Database/Connection.php(827): Illuminate/Database/Connection->{closure:Illuminate/Database/Connection::select():411}()
#2 C:/Users/amaya/OneDrive/Documentos/ferreteria-abrinal-web/v2-laravel/vendor/laravel/framework/src/Illuminate/Database/Connection.php(794): Illuminate/Database/Connection->runQueryCallback()
#3 C:/Users/amaya/OneDrive/Documentos/ferreteria-abrinal-web/v2-laravel/vendor/laravel/framework/src/Illuminate/Database/Connection.php(411): Illuminate/Database/Connection->run()
#4 C:/Users/amaya/OneDrive/Documentos/ferreteria-abrinal-web/v2-laravel/vendor/laravel/framework/src/Illuminate/Database/Query/Builder.php(3438): Illuminate/Database/Connection->select()
#5 C:/Users/amaya/OneDrive/Documentos/ferreteria-abrinal-web/v2-laravel/vendor/laravel/framework/src/Illuminate/Database/Query/Builder.php(3423): Illuminate/Database/Query/Builder->runSelect()
#6 C:/Users/amaya/OneDrive/Documentos/ferreteria-abrinal-web/v2-laravel/vendor/laravel/framework/src/Illuminate/Database/Query/Builder.php(4013): Illuminate/Database/Query/Builder->{closure:Illuminate/Database/Query/Builder::get():3422}()
#7 C:/Users/amaya/OneDrive/Documentos/ferreteria-abrinal-web/v2-laravel/vendor/laravel/framework/src/Illuminate/Database/Query/Builder.php(3422): Illuminate/Database/Query/Builder->onceWithColumns()
#8 C:/Users/amaya/OneDrive/Documentos/ferreteria-abrinal-web/v2-laravel/vendor/laravel/framework/src/Illuminate/Database/Concerns/BuildsQueries.php(366): Illuminate/Database/Query/Builder->get()
#9 C:/Users/amaya/OneDrive/Documentos/ferreteria-abrinal-web/v2-laravel/vendor/laravel/framework/src/Illuminate/Database/Query/Builder.php(3345): Illuminate/Database/Query/Builder->first()
#10 C:/Users/amaya/OneDrive/Documentos/ferreteria-abrinal-web/v2-laravel/vendor/laravel/framework/src/Illuminate/Session/DatabaseSessionHandler.php(96): Illuminate/Database/Query/Builder->find()
#11 C:/Users/amaya/OneDrive/Documentos/ferreteria-abrinal-web/v2-laravel/vendor/laravel/framework/src/Illuminate/Session/Store.php(128): Illuminate/Session/DatabaseSessionHandler->read()
#12 C:/Users/amaya/OneDrive/Documentos/ferreteria-abrinal-web/v2-laravel/vendor/laravel/framework/src/Illuminate/Session/Store.php(116): Illuminate/Session/Store->readFromHandler()
#13 C:/Users/amaya/OneDrive/Documentos/ferreteria-abrinal-web/v2-laravel/vendor/laravel/framework/src/Illuminate/Session/Store.php(100): Illuminate/Session/Store->loadSession()
#14 C:/Users/amaya/OneDrive/Documentos/ferreteria-abrinal-web/v2-laravel/vendor/laravel/framework/src/Illuminate/Session/Middleware/StartSession.php(146): Illuminate/Session/Store->start()
#15 C:/Users/amaya/OneDrive/Documentos/ferreteria-abrinal-web/v2-laravel/vendor/laravel/framework/src/Illuminate/Support/helpers.php(388): Illuminate/Session/Middleware/StartSession->{closure:Illuminate/Session/Middleware/StartSession::startSession():143}()
#16 C:/Users/amaya/OneDrive/Documentos/ferreteria-abrinal-web/v2-laravel/vendor/laravel/framework/src/Illuminate/Session/Middleware/StartSession.php(143): tap()
#17 C:/Users/amaya/OneDrive/Documentos/ferreteria-abrinal-web/v2-laravel/vendor/laravel/framework/src/Illuminate/Session/Middleware/StartSession.php(115): Illuminate/Session/Middleware/StartSession->startSession()
#18 C:/Users/amaya/OneDrive/Documentos/ferreteria-abrinal-web/v2-laravel/vendor/laravel/framework/src/Illuminate/Session/Middleware/StartSession.php(63): Illuminate/Session/Middleware/StartSession->handleStatefulRequest()
#19 C:/Users/amaya/OneDrive/Documentos/ferreteria-abrinal-web/v2-laravel/vendor/laravel/framework/src/Illuminate/Pipeline/Pipeline.php(219): Illuminate/Session/Middleware/StartSession->handle()
#20 C:/Users/amaya/OneDrive/Documentos/ferreteria-abrinal-web/v2-laravel/vendor/laravel/framework/src/Illuminate/Cookie/Middleware/AddQueuedCookiesToResponse.php(36): Illuminate/Pipeline/Pipeline->{closure:{closure:Illuminate/Pipeline/Pipeline::carry():194}:195}()
#21 C:/Users/amaya/OneDrive/Documentos/ferreteria-abrinal-web/v2-laravel/vendor/laravel/framework/src/Illuminate/Pipeline/Pipeline.php(219): Illuminate/Cookie/Middleware/AddQueuedCookiesToResponse->handle()
#22 C:/Users/amaya/OneDrive/Documentos/ferreteria-abrinal-web/v2-laravel/vendor/laravel/framework/src/Illuminate/Cookie/Middleware/EncryptCookies.php(74): Illuminate/Pipeline/Pipeline->{closure:{closure:Illuminate/Pipeline/Pipeline::carry():194}:195}()
#23 C:/Users/amaya/OneDrive/Documentos/ferreteria-abrinal-web/v2-laravel/vendor/laravel/framework/src/Illuminate/Pipeline/Pipeline.php(219): Illuminate/Cookie/Middleware/EncryptCookies->handle()
#24 C:/Users/amaya/OneDrive/Documentos/ferreteria-abrinal-web/v2-laravel/vendor/laravel/framework/src/Illuminate/Pipeline/Pipeline.php(137): Illuminate/Pipeline/Pipeline->{closure:{closure:Illuminate/Pipeline/Pipeline::carry():194}:195}()
#25 C:/Users/amaya/OneDrive/Documentos/ferreteria-abrinal-web/v2-laravel/vendor/laravel/framework/src/Illuminate/Routing/Router.php(821): Illuminate/Pipeline/Pipeline->then()
#26 C:/Users/amaya/OneDrive/Documentos/ferreteria-abrinal-web/v2-laravel/vendor/laravel/framework/src/Illuminate/Routing/Router.php(800): Illuminate/Routing/Router->runRouteWithinStack()
#27 C:/Users/amaya/OneDrive/Documentos/ferreteria-abrinal-web/v2-laravel/vendor/laravel/framework/src/Illuminate/Routing/Router.php(764): Illuminate/Routing/Router->runRoute()
#28 C:/Users/amaya/OneDrive/Documentos/ferreteria-abrinal-web/v2-laravel/vendor/laravel/framework/src/Illuminate/Routing/Router.php(753): Illuminate/Routing/Router->dispatchToRoute()
#29 C:/Users/amaya/OneDrive/Documentos/ferreteria-abrinal-web/v2-laravel/vendor/laravel/framework/src/Illuminate/Foundation/Http/Kernel.php(200): Illuminate/Routing/Router->dispatch()
#30 C:/Users/amaya/OneDrive/Documentos/ferreteria-abrinal-web/v2-laravel/vendor/laravel/framework/src/Illuminate/Pipeline/Pipeline.php(180): Illuminate/Foundation/Http/Kernel->{closure:Illuminate/Foundation/Http/Kernel::dispatchToRouter():197}()
#31 C:/Users/amaya/OneDrive/Documentos/ferreteria-abrinal-web/v2-laravel/vendor/laravel/framework/src/Illuminate/Foundation/Http/Middleware/TransformsRequest.php(21): Illuminate/Pipeline/Pipeline->{closure:Illuminate/Pipeline/Pipeline::prepareDestination():178}()
#32 C:/Users/amaya/OneDrive/Documentos/ferreteria-abrinal-web/v2-laravel/vendor/laravel/framework/src/Illuminate/Foundation/Http/Middleware/ConvertEmptyStringsToNull.php(31): Illuminate/Foundation/Http/Middleware/TransformsRequest->handle()
#33 C:/Users/amaya/OneDrive/Documentos/ferreteria-abrinal-web/v2-laravel/vendor/laravel/framework/src/Illuminate/Pipeline/Pipeline.php(219): Illuminate/Foundation/Http/Middleware/ConvertEmptyStringsToNull->handle()
#34 C:/Users/amaya/OneDrive/Documentos/ferreteria-abrinal-web/v2-laravel/vendor/laravel/framework/src/Illuminate/Foundation/Http/Middleware/TransformsRequest.php(21): Illuminate/Pipeline/Pipeline->{closure:{closure:Illuminate/Pipeline/Pipeline::carry():194}:195}()
#35 C:/Users/amaya/OneDrive/Documentos/ferreteria-abrinal-web/v2-laravel/vendor/laravel/framework/src/Illuminate/Foundation/Http/Middleware/TrimStrings.php(51): Illuminate/Foundation/Http/Middleware/TransformsRequest->handle()
#36 C:/Users/amaya/OneDrive/Documentos/ferreteria-abrinal-web/v2-laravel/vendor/laravel/framework/src/Illuminate/Pipeline/Pipeline.php(219): Illuminate/Foundation/Http/Middleware/TrimStrings->handle()
#37 C:/Users/amaya/OneDrive/Documentos/ferreteria-abrinal-web/v2-laravel/vendor/laravel/framework/src/Illuminate/Http/Middleware/ValidatePostSize.php(27): Illuminate/Pipeline/Pipeline->{closure:{closure:Illuminate/Pipeline/Pipeline::carry():194}:195}()
#38 C:/Users/amaya/OneDrive/Documentos/ferreteria-abrinal-web/v2-laravel/vendor/laravel/framework/src/Illuminate/Pipeline/Pipeline.php(219): Illuminate/Http/Middleware/ValidatePostSize->handle()
#39 C:/Users/amaya/OneDrive/Documentos/ferreteria-abrinal-web/v2-laravel/vendor/laravel/framework/src/Illuminate/Foundation/Http/Middleware/PreventRequestsDuringMaintenance.php(109): Illuminate/Pipeline/Pipeline->{closure:{closure:Illuminate/Pipeline/Pipeline::carry():194}:195}()
#40 C:/Users/amaya/OneDrive/Documentos/ferreteria-abrinal-web/v2-laravel/vendor/laravel/framework/src/Illuminate/Pipeline/Pipeline.php(219): Illuminate/Foundation/Http/Middleware/PreventRequestsDuringMaintenance->handle()
#41 C:/Users/amaya/OneDrive/Documentos/ferreteria-abrinal-web/v2-laravel/vendor/laravel/framework/src/Illuminate/Http/Middleware/HandleCors.php(61): Illuminate/Pipeline/Pipeline->{closure:{closure:Illuminate/Pipeline/Pipeline::carry():194}:195}()
#42 C:/Users/amaya/OneDrive/Documentos/ferreteria-abrinal-web/v2-laravel/vendor/laravel/framework/src/Illuminate/Pipeline/Pipeline.php(219): Illuminate/Http/Middleware/HandleCors->handle()
#43 C:/Users/amaya/OneDrive/Documentos/ferreteria-abrinal-web/v2-laravel/vendor/laravel/framework/src/Illuminate/Http/Middleware/TrustProxies.php(58): Illuminate/Pipeline/Pipeline->{closure:{closure:Illuminate/Pipeline/Pipeline::carry():194}:195}()
#44 C:/Users/amaya/OneDrive/Documentos/ferreteria-abrinal-web/v2-laravel/vendor/laravel/framework/src/Illuminate/Pipeline/Pipeline.php(219): Illuminate/Http/Middleware/TrustProxies->handle()
#45 C:/Users/amaya/OneDrive/Documentos/ferreteria-abrinal-web/v2-laravel/vendor/laravel/framework/src/Illuminate/Foundation/Http/Middleware/InvokeDeferredCallbacks.php(22): Illuminate/Pipeline/Pipeline->{closure:{closure:Illuminate/Pipeline/Pipeline::carry():194}:195}()
#46 C:/Users/amaya/OneDrive/Documentos/ferreteria-abrinal-web/v2-laravel/vendor/laravel/framework/src/Illuminate/Pipeline/Pipeline.php(219): Illuminate/Foundation/Http/Middleware/InvokeDeferredCallbacks->handle()
#47 C:/Users/amaya/OneDrive/Documentos/ferreteria-abrinal-web/v2-laravel/vendor/laravel/framework/src/Illuminate/Http/Middleware/ValidatePathEncoding.php(26): Illuminate/Pipeline/Pipeline->{closure:{closure:Illuminate/Pipeline/Pipeline::carry():194}:195}()
#48 C:/Users/amaya/OneDrive/Documentos/ferreteria-abrinal-web/v2-laravel/vendor/laravel/framework/src/Illuminate/Pipeline/Pipeline.php(219): Illuminate/Http/Middleware/ValidatePathEncoding->handle()
#49 C:/Users/amaya/OneDrive/Documentos/ferreteria-abrinal-web/v2-laravel/vendor/laravel/framework/src/Illuminate/Pipeline/Pipeline.php(137): Illuminate/Pipeline/Pipeline->{closure:{closure:Illuminate/Pipeline/Pipeline::carry():194}:195}()
#50 C:/Users/amaya/OneDrive/Documentos/ferreteria-abrinal-web/v2-laravel/vendor/laravel/framework/src/Illuminate/Foundation/Http/Kernel.php(175): Illuminate/Pipeline/Pipeline->then()
#51 C:/Users/amaya/OneDrive/Documentos/ferreteria-abrinal-web/v2-laravel/vendor/laravel/framework/src/Illuminate/Foundation/Http/Kernel.php(144): Illuminate/Foundation/Http/Kernel->sendRequestThroughRouter()
#52 C:/Users/amaya/OneDrive/Documentos/ferreteria-abrinal-web/v2-laravel/vendor/laravel/framework/src/Illuminate/Foundation/Application.php(1220): Illuminate/Foundation/Http/Kernel->handle()
#53 C:/Users/amaya/OneDrive/Documentos/ferreteria-abrinal-web/v2-laravel/public/index.php(15): Illuminate/Foundation/Application->handleRequest()
#54 C:/Users/amaya/OneDrive/Documentos/ferreteria-abrinal-web/v2-laravel/vendor/laravel/framework/src/Illuminate/Foundation/resources/server.php(23): require_once('...')
#55 {main}
"} 
[2026-02-23 10:01:13] local.ERROR: Unable to locate file in Vite manifest: resources/css/app.css. (View: C:\Users\amaya\OneDrive\Documentos\ferreteria-abrinal-web\v2-laravel\resources\views\app.blade.php) {"exception":"[object] (Illuminate\\View\\ViewException(code: 0): Unable to locate file in Vite manifest: resources/css/app.css. (View: C:\\Users\\amaya\\OneDrive\\Documentos\\ferreteria-abrinal-web\\v2-laravel\\resources\\views\\app.blade.php) at C:/Users/amaya/OneDrive/Documentos/ferreteria-abrinal-web/v2-laravel/vendor/laravel/framework/src/Illuminate/Foundation/Vite.php:999)
[stacktrace]
#0 C:/Users/amaya/OneDrive/Documentos/ferreteria-abrinal-web/v2-laravel/vendor/laravel/framework/src/Illuminate/View/Engines/PhpEngine.php(59): Illuminate/View/Engines/CompilerEngine->handleViewException()
#1 C:/Users/amaya/OneDrive/Documentos/ferreteria-abrinal-web/v2-laravel/vendor/laravel/framework/src/Illuminate/View/Engines/CompilerEngine.php(76): Illuminate/View/Engines/PhpEngine->evaluatePath()
#2 C:/Users/amaya/OneDrive/Documentos/ferreteria-abrinal-web/v2-laravel/vendor/laravel/framework/src/Illuminate/View/View.php(208): Illuminate/View/Engines/CompilerEngine->get()
#3 C:/Users/amaya/OneDrive/Documentos/ferreteria-abrinal-web/v2-laravel/vendor/laravel/framework/src/Illuminate/View/View.php(191): Illuminate/View/View->getContents()
#4 C:/Users/amaya/OneDrive/Documentos/ferreteria-abrinal-web/v2-laravel/vendor/laravel/framework/src/Illuminate/View/View.php(160): Illuminate/View/View->renderContents()
#5 C:/Users/amaya/OneDrive/Documentos/ferreteria-abrinal-web/v2-laravel/vendor/laravel/framework/src/Illuminate/Http/Response.php(78): Illuminate/View/View->render()
#6 C:/Users/amaya/OneDrive/Documentos/ferreteria-abrinal-web/v2-laravel/vendor/laravel/framework/src/Illuminate/Http/Response.php(34): Illuminate/Http/Response->setContent()
#7 C:/Users/amaya/OneDrive/Documentos/ferreteria-abrinal-web/v2-laravel/vendor/laravel/framework/src/Illuminate/Routing/ResponseFactory.php(61): Illuminate/Http/Response->__construct()
#8 C:/Users/amaya/OneDrive/Documentos/ferreteria-abrinal-web/v2-laravel/vendor/laravel/framework/src/Illuminate/Routing/ResponseFactory.php(91): Illuminate/Routing/ResponseFactory->make()
#9 C:/Users/amaya/OneDrive/Documentos/ferreteria-abrinal-web/v2-laravel/vendor/laravel/framework/src/Illuminate/Support/Facades/Facade.php(363): Illuminate/Routing/ResponseFactory->view()
#10 C:/Users/amaya/OneDrive/Documentos/ferreteria-abrinal-web/v2-laravel/vendor/inertiajs/inertia-laravel/src/Response.php(219): Illuminate/Support/Facades/Facade::__callStatic()
#11 C:/Users/amaya/OneDrive/Documentos/ferreteria-abrinal-web/v2-laravel/vendor/laravel/framework/src/Illuminate/Routing/Router.php(921): Inertia/Response->toResponse()
#12 C:/Users/amaya/OneDrive/Documentos/ferreteria-abrinal-web/v2-laravel/vendor/laravel/framework/src/Illuminate/Routing/Router.php(906): Illuminate/Routing/Router::toResponse()
#13 C:/Users/amaya/OneDrive/Documentos/ferreteria-abrinal-web/v2-laravel/vendor/laravel/framework/src/Illuminate/Routing/Router.php(821): Illuminate/Routing/Router->prepareResponse()
#14 C:/Users/amaya/OneDrive/Documentos/ferreteria-abrinal-web/v2-laravel/vendor/laravel/framework/src/Illuminate/Pipeline/Pipeline.php(180): Illuminate/Routing/Router->{closure:Illuminate/Routing/Router::runRouteWithinStack():821}()
#15 C:/Users/amaya/OneDrive/Documentos/ferreteria-abrinal-web/v2-laravel/vendor/inertiajs/inertia-laravel/src/Middleware.php(122): Illuminate/Pipeline/Pipeline->{closure:Illuminate/Pipeline/Pipeline::prepareDestination():178}()
#16 C:/Users/amaya/OneDrive/Documentos/ferreteria-abrinal-web/v2-laravel/vendor/laravel/framework/src/Illuminate/Pipeline/Pipeline.php(219): Inertia/Middleware->handle()
#17 C:/Users/amaya/OneDrive/Documentos/ferreteria-abrinal-web/v2-laravel/vendor/laravel/framework/src/Illuminate/Routing/Middleware/SubstituteBindings.php(50): Illuminate/Pipeline/Pipeline->{closure:{closure:Illuminate/Pipeline/Pipeline::carry():194}:195}()
#18 C:/Users/amaya/OneDrive/Documentos/ferreteria-abrinal-web/v2-laravel/vendor/laravel/framework/src/Illuminate/Pipeline/Pipeline.php(219): Illuminate/Routing/Middleware/SubstituteBindings->handle()
#19 C:/Users/amaya/OneDrive/Documentos/ferreteria-abrinal-web/v2-laravel/vendor/laravel/framework/src/Illuminate/Foundation/Http/Middleware/VerifyCsrfToken.php(87): Illuminate/Pipeline/Pipeline->{closure:{closure:Illuminate/Pipeline/Pipeline::carry():194}:195}()
#20 C:/Users/amaya/OneDrive/Documentos/ferreteria-abrinal-web/v2-laravel/vendor/laravel/framework/src/Illuminate/Pipeline/Pipeline.php(219): Illuminate/Foundation/Http/Middleware/VerifyCsrfToken->handle()
#21 C:/Users/amaya/OneDrive/Documentos/ferreteria-abrinal-web/v2-laravel/vendor/laravel/framework/src/Illuminate/View/Middleware/ShareErrorsFromSession.php(48): Illuminate/Pipeline/Pipeline->{closure:{closure:Illuminate/Pipeline/Pipeline::carry():194}:195}()
#22 C:/Users/amaya/OneDrive/Documentos/ferreteria-abrinal-web/v2-laravel/vendor/laravel/framework/src/Illuminate/Pipeline/Pipeline.php(219): Illuminate/View/Middleware/ShareErrorsFromSession->handle()
#23 C:/Users/amaya/OneDrive/Documentos/ferreteria-abrinal-web/v2-laravel/vendor/laravel/framework/src/Illuminate/Session/Middleware/StartSession.php(120): Illuminate/Pipeline/Pipeline->{closure:{closure:Illuminate/Pipeline/Pipeline::carry():194}:195}()
#24 C:/Users/amaya/OneDrive/Documentos/ferreteria-abrinal-web/v2-laravel/vendor/laravel/framework/src/Illuminate/Session/Middleware/StartSession.php(63): Illuminate/Session/Middleware/StartSession->handleStatefulRequest()
#25 C:/Users/amaya/OneDrive/Documentos/ferreteria-abrinal-web/v2-laravel/vendor/laravel/framework/src/Illuminate/Pipeline/Pipeline.php(219): Illuminate/Session/Middleware/StartSession->handle()
#26 C:/Users/amaya/OneDrive/Documentos/ferreteria-abrinal-web/v2-laravel/vendor/laravel/framework/src/Illuminate/Cookie/Middleware/AddQueuedCookiesToResponse.php(36): Illuminate/Pipeline/Pipeline->{closure:{closure:Illuminate/Pipeline/Pipeline::carry():194}:195}()
#27 C:/Users/amaya/OneDrive/Documentos/ferreteria-abrinal-web/v2-laravel/vendor/laravel/framework/src/Illuminate/Pipeline/Pipeline.php(219): Illuminate/Cookie/Middleware/AddQueuedCookiesToResponse->handle()
#28 C:/Users/amaya/OneDrive/Documentos/ferreteria-abrinal-web/v2-laravel/vendor/laravel/framework/src/Illuminate/Cookie/Middleware/EncryptCookies.php(74): Illuminate/Pipeline/Pipeline->{closure:{closure:Illuminate/Pipeline/Pipeline::carry():194}:195}()
#29 C:/Users/amaya/OneDrive/Documentos/ferreteria-abrinal-web/v2-laravel/vendor/laravel/framework/src/Illuminate/Pipeline/Pipeline.php(219): Illuminate/Cookie/Middleware/EncryptCookies->handle()
#30 C:/Users/amaya/OneDrive/Documentos/ferreteria-abrinal-web/v2-laravel/vendor/laravel/framework/src/Illuminate/Pipeline/Pipeline.php(137): Illuminate/Pipeline/Pipeline->{closure:{closure:Illuminate/Pipeline/Pipeline::carry():194}:195}()
#31 C:/Users/amaya/OneDrive/Documentos/ferreteria-abrinal-web/v2-laravel/vendor/laravel/framework/src/Illuminate/Routing/Router.php(821): Illuminate/Pipeline/Pipeline->then()
#32 C:/Users/amaya/OneDrive/Documentos/ferreteria-abrinal-web/v2-laravel/vendor/laravel/framework/src/Illuminate/Routing/Router.php(800): Illuminate/Routing/Router->runRouteWithinStack()
#33 C:/Users/amaya/OneDrive/Documentos/ferreteria-abrinal-web/v2-laravel/vendor/laravel/framework/src/Illuminate/Routing/Router.php(764): Illuminate/Routing/Router->runRoute()
#34 C:/Users/amaya/OneDrive/Documentos/ferreteria-abrinal-web/v2-laravel/vendor/laravel/framework/src/Illuminate/Routing/Router.php(753): Illuminate/Routing/Router->dispatchToRoute()
#35 C:/Users/amaya/OneDrive/Documentos/ferreteria-abrinal-web/v2-laravel/vendor/laravel/framework/src/Illuminate/Foundation/Http/Kernel.php(200): Illuminate/Routing/Router->dispatch()
#36 C:/Users/amaya/OneDrive/Documentos/ferreteria-abrinal-web/v2-laravel/vendor/laravel/framework/src/Illuminate/Pipeline/Pipeline.php(180): Illuminate/Foundation/Http/Kernel->{closure:Illuminate/Foundation/Http/Kernel::dispatchToRouter():197}()
#37 C:/Users/amaya/OneDrive/Documentos/ferreteria-abrinal-web/v2-laravel/vendor/laravel/framework/src/Illuminate/Foundation/Http/Middleware/TransformsRequest.php(21): Illuminate/Pipeline/Pipeline->{closure:Illuminate/Pipeline/Pipeline::prepareDestination():178}()
#38 C:/Users/amaya/OneDrive/Documentos/ferreteria-abrinal-web/v2-laravel/vendor/laravel/framework/src/Illuminate/Foundation/Http/Middleware/ConvertEmptyStringsToNull.php(31): Illuminate/Foundation/Http/Middleware/TransformsRequest->handle()
#39 C:/Users/amaya/OneDrive/Documentos/ferreteria-abrinal-web/v2-laravel/vendor/laravel/framework/src/Illuminate/Pipeline/Pipeline.php(219): Illuminate/Foundation/Http/Middleware/ConvertEmptyStringsToNull->handle()
#40 C:/Users/amaya/OneDrive/Documentos/ferreteria-abrinal-web/v2-laravel/vendor/laravel/framework/src/Illuminate/Foundation/Http/Middleware/TransformsRequest.php(21): Illuminate/Pipeline/Pipeline->{closure:{closure:Illuminate/Pipeline/Pipeline::carry():194}:195}()
#41 C:/Users/amaya/OneDrive/Documentos/ferreteria-abrinal-web/v2-laravel/vendor/laravel/framework/src/Illuminate/Foundation/Http/Middleware/TrimStrings.php(51): Illuminate/Foundation/Http/Middleware/TransformsRequest->handle()
#42 C:/Users/amaya/OneDrive/Documentos/ferreteria-abrinal-web/v2-laravel/vendor/laravel/framework/src/Illuminate/Pipeline/Pipeline.php(219): Illuminate/Foundation/Http/Middleware/TrimStrings->handle()
#43 C:/Users/amaya/OneDrive/Documentos/ferreteria-abrinal-web/v2-laravel/vendor/laravel/framework/src/Illuminate/Http/Middleware/ValidatePostSize.php(27): Illuminate/Pipeline/Pipeline->{closure:{closure:Illuminate/Pipeline/Pipeline::carry():194}:195}()
#44 C:/Users/amaya/OneDrive/Documentos/ferreteria-abrinal-web/v2-laravel/vendor/laravel/framework/src/Illuminate/Pipeline/Pipeline.php(219): Illuminate/Http/Middleware/ValidatePostSize->handle()
#45 C:/Users/amaya/OneDrive/Documentos/ferreteria-abrinal-web/v2-laravel/vendor/laravel/framework/src/Illuminate/Foundation/Http/Middleware/PreventRequestsDuringMaintenance.php(109): Illuminate/Pipeline/Pipeline->{closure:{closure:Illuminate/Pipeline/Pipeline::carry():194}:195}()
#46 C:/Users/amaya/OneDrive/Documentos/ferreteria-abrinal-web/v2-laravel/vendor/laravel/framework/src/Illuminate/Pipeline/Pipeline.php(219): Illuminate/Foundation/Http/Middleware/PreventRequestsDuringMaintenance->handle()
#47 C:/Users/amaya/OneDrive/Documentos/ferreteria-abrinal-web/v2-laravel/vendor/laravel/framework/src/Illuminate/Http/Middleware/HandleCors.php(61): Illuminate/Pipeline/Pipeline->{closure:{closure:Illuminate/Pipeline/Pipeline::carry():194}:195}()
#48 C:/Users/amaya/OneDrive/Documentos/ferreteria-abrinal-web/v2-laravel/vendor/laravel/framework/src/Illuminate/Pipeline/Pipeline.php(219): Illuminate/Http/Middleware/HandleCors->handle()
#49 C:/Users/amaya/OneDrive/Documentos/ferreteria-abrinal-web/v2-laravel/vendor/laravel/framework/src/Illuminate/Http/Middleware/TrustProxies.php(58): Illuminate/Pipeline/Pipeline->{closure:{closure:Illuminate/Pipeline/Pipeline::carry():194}:195}()
#50 C:/Users/amaya/OneDrive/Documentos/ferreteria-abrinal-web/v2-laravel/vendor/laravel/framework/src/Illuminate/Pipeline/Pipeline.php(219): Illuminate/Http/Middleware/TrustProxies->handle()
#51 C:/Users/amaya/OneDrive/Documentos/ferreteria-abrinal-web/v2-laravel/vendor/laravel/framework/src/Illuminate/Foundation/Http/Middleware/InvokeDeferredCallbacks.php(22): Illuminate/Pipeline/Pipeline->{closure:{closure:Illuminate/Pipeline/Pipeline::carry():194}:195}()
#52 C:/Users/amaya/OneDrive/Documentos/ferreteria-abrinal-web/v2-laravel/vendor/laravel/framework/src/Illuminate/Pipeline/Pipeline.php(219): Illuminate/Foundation/Http/Middleware/InvokeDeferredCallbacks->handle()
#53 C:/Users/amaya/OneDrive/Documentos/ferreteria-abrinal-web/v2-laravel/vendor/laravel/framework/src/Illuminate/Http/Middleware/ValidatePathEncoding.php(26): Illuminate/Pipeline/Pipeline->{closure:{closure:Illuminate/Pipeline/Pipeline::carry():194}:195}()
#54 C:/Users/amaya/OneDrive/Documentos/ferreteria-abrinal-web/v2-laravel/vendor/laravel/framework/src/Illuminate/Pipeline/Pipeline.php(219): Illuminate/Http/Middleware/ValidatePathEncoding->handle()
#55 C:/Users/amaya/OneDrive/Documentos/ferreteria-abrinal-web/v2-laravel/vendor/laravel/framework/src/Illuminate/Pipeline/Pipeline.php(137): Illuminate/Pipeline/Pipeline->{closure:{closure:Illuminate/Pipeline/Pipeline::carry():194}:195}()
#56 C:/Users/amaya/OneDrive/Documentos/ferreteria-abrinal-web/v2-laravel/vendor/laravel/framework/src/Illuminate/Foundation/Http/Kernel.php(175): Illuminate/Pipeline/Pipeline->then()
#57 C:/Users/amaya/OneDrive/Documentos/ferreteria-abrinal-web/v2-laravel/vendor/laravel/framework/src/Illuminate/Foundation/Http/Kernel.php(144): Illuminate/Foundation/Http/Kernel->sendRequestThroughRouter()
#58 C:/Users/amaya/OneDrive/Documentos/ferreteria-abrinal-web/v2-laravel/vendor/laravel/framework/src/Illuminate/Foundation/Application.php(1220): Illuminate/Foundation/Http/Kernel->handle()
#59 C:/Users/amaya/OneDrive/Documentos/ferreteria-abrinal-web/v2-laravel/public/index.php(15): Illuminate/Foundation/Application->handleRequest()
#60 C:/Users/amaya/OneDrive/Documentos/ferreteria-abrinal-web/v2-laravel/vendor/laravel/framework/src/Illuminate/Foundation/resources/server.php(23): require_once('...')
#61 {main}

[previous exception] [object] (Illuminate\\Foundation\\ViteException(code: 0): Unable to locate file in Vite manifest: resources/css/app.css. at C:/Users/amaya/OneDrive/Documentos/ferreteria-abrinal-web/v2-laravel/vendor/laravel/framework/src/Illuminate/Foundation/Vite.php:999)
[stacktrace]
#0 C:/Users/amaya/OneDrive/Documentos/ferreteria-abrinal-web/v2-laravel/vendor/laravel/framework/src/Illuminate/Foundation/Vite.php(390): Illuminate/Foundation/Vite->chunk()
#1 C:/Users/amaya/OneDrive/Documentos/ferreteria-abrinal-web/v2-laravel/storage/framework/views/8f3c1e3c013d48808f5cc7714d4ad2db.php(11): Illuminate/Foundation/Vite->__invoke()
#2 C:/Users/amaya/OneDrive/Documentos/ferreteria-abrinal-web/v2-laravel/vendor/laravel/framework/src/Illuminate/Filesystem/Filesystem.php(123): require('...')
#3 C:/Users/amaya/OneDrive/Documentos/ferreteria-abrinal-web/v2-laravel/vendor/laravel/framework/src/Illuminate/Filesystem/Filesystem.php(124): Illuminate/Filesystem/Filesystem::{closure:Illuminate/Filesystem/Filesystem::getRequire():120}()
#4 C:/Users/amaya/OneDrive/Documentos/ferreteria-abrinal-web/v2-laravel/vendor/laravel/framework/src/Illuminate/View/Engines/PhpEngine.php(57): Illuminate/Filesystem/Filesystem->getRequire()
#5 C:/Users/amaya/OneDrive/Documentos/ferreteria-abrinal-web/v2-laravel/vendor/laravel/framework/src/Illuminate/View/Engines/CompilerEngine.php(76): Illuminate/View/Engines/PhpEngine->evaluatePath()
#6 C:/Users/amaya/OneDrive/Documentos/ferreteria-abrinal-web/v2-laravel/vendor/laravel/framework/src/Illuminate/View/View.php(208): Illuminate/View/Engines/CompilerEngine->get()
#7 C:/Users/amaya/OneDrive/Documentos/ferreteria-abrinal-web/v2-laravel/vendor/laravel/framework/src/Illuminate/View/View.php(191): Illuminate/View/View->getContents()
#8 C:/Users/amaya/OneDrive/Documentos/ferreteria-abrinal-web/v2-laravel/vendor/laravel/framework/src/Illuminate/View/View.php(160): Illuminate/View/View->renderContents()
#9 C:/Users/amaya/OneDrive/Documentos/ferreteria-abrinal-web/v2-laravel/vendor/laravel/framework/src/Illuminate/Http/Response.php(78): Illuminate/View/View->render()
#10 C:/Users/amaya/OneDrive/Documentos/ferreteria-abrinal-web/v2-laravel/vendor/laravel/framework/src/Illuminate/Http/Response.php(34): Illuminate/Http/Response->setContent()
#11 C:/Users/amaya/OneDrive/Documentos/ferreteria-abrinal-web/v2-laravel/vendor/laravel/framework/src/Illuminate/Routing/ResponseFactory.php(61): Illuminate/Http/Response->__construct()
#12 C:/Users/amaya/OneDrive/Documentos/ferreteria-abrinal-web/v2-laravel/vendor/laravel/framework/src/Illuminate/Routing/ResponseFactory.php(91): Illuminate/Routing/ResponseFactory->make()
#13 C:/Users/amaya/OneDrive/Documentos/ferreteria-abrinal-web/v2-laravel/vendor/laravel/framework/src/Illuminate/Support/Facades/Facade.php(363): Illuminate/Routing/ResponseFactory->view()
#14 C:/Users/amaya/OneDrive/Documentos/ferreteria-abrinal-web/v2-laravel/vendor/inertiajs/inertia-laravel/src/Response.php(219): Illuminate/Support/Facades/Facade::__callStatic()
#15 C:/Users/amaya/OneDrive/Documentos/ferreteria-abrinal-web/v2-laravel/vendor/laravel/framework/src/Illuminate/Routing/Router.php(921): Inertia/Response->toResponse()
#16 C:/Users/amaya/OneDrive/Documentos/ferreteria-abrinal-web/v2-laravel/vendor/laravel/framework/src/Illuminate/Routing/Router.php(906): Illuminate/Routing/Router::toResponse()
#17 C:/Users/amaya/OneDrive/Documentos/ferreteria-abrinal-web/v2-laravel/vendor/laravel/framework/src/Illuminate/Routing/Router.php(821): Illuminate/Routing/Router->prepareResponse()
#18 C:/Users/amaya/OneDrive/Documentos/ferreteria-abrinal-web/v2-laravel/vendor/laravel/framework/src/Illuminate/Pipeline/Pipeline.php(180): Illuminate/Routing/Router->{closure:Illuminate/Routing/Router::runRouteWithinStack():821}()
#19 C:/Users/amaya/OneDrive/Documentos/ferreteria-abrinal-web/v2-laravel/vendor/inertiajs/inertia-laravel/src/Middleware.php(122): Illuminate/Pipeline/Pipeline->{closure:Illuminate/Pipeline/Pipeline::prepareDestination():178}()
#20 C:/Users/amaya/OneDrive/Documentos/ferreteria-abrinal-web/v2-laravel/vendor/laravel/framework/src/Illuminate/Pipeline/Pipeline.php(219): Inertia/Middleware->handle()
#21 C:/Users/amaya/OneDrive/Documentos/ferreteria-abrinal-web/v2-laravel/vendor/laravel/framework/src/Illuminate/Routing/Middleware/SubstituteBindings.php(50): Illuminate/Pipeline/Pipeline->{closure:{closure:Illuminate/Pipeline/Pipeline::carry():194}:195}()
#22 C:/Users/amaya/OneDrive/Documentos/ferreteria-abrinal-web/v2-laravel/vendor/laravel/framework/src/Illuminate/Pipeline/Pipeline.php(219): Illuminate/Routing/Middleware/SubstituteBindings->handle()
#23 C:/Users/amaya/OneDrive/Documentos/ferreteria-abrinal-web/v2-laravel/vendor/laravel/framework/src/Illuminate/Foundation/Http/Middleware/VerifyCsrfToken.php(87): Illuminate/Pipeline/Pipeline->{closure:{closure:Illuminate/Pipeline/Pipeline::carry():194}:195}()
#24 C:/Users/amaya/OneDrive/Documentos/ferreteria-abrinal-web/v2-laravel/vendor/laravel/framework/src/Illuminate/Pipeline/Pipeline.php(219): Illuminate/Foundation/Http/Middleware/VerifyCsrfToken->handle()
#25 C:/Users/amaya/OneDrive/Documentos/ferreteria-abrinal-web/v2-laravel/vendor/laravel/framework/src/Illuminate/View/Middleware/ShareErrorsFromSession.php(48): Illuminate/Pipeline/Pipeline->{closure:{closure:Illuminate/Pipeline/Pipeline::carry():194}:195}()
#26 C:/Users/amaya/OneDrive/Documentos/ferreteria-abrinal-web/v2-laravel/vendor/laravel/framework/src/Illuminate/Pipeline/Pipeline.php(219): Illuminate/View/Middleware/ShareErrorsFromSession->handle()
#27 C:/Users/amaya/OneDrive/Documentos/ferreteria-abrinal-web/v2-laravel/vendor/laravel/framework/src/Illuminate/Session/Middleware/StartSession.php(120): Illuminate/Pipeline/Pipeline->{closure:{closure:Illuminate/Pipeline/Pipeline::carry():194}:195}()
#28 C:/Users/amaya/OneDrive/Documentos/ferreteria-abrinal-web/v2-laravel/vendor/laravel/framework/src/Illuminate/Session/Middleware/StartSession.php(63): Illuminate/Session/Middleware/StartSession->handleStatefulRequest()
#29 C:/Users/amaya/OneDrive/Documentos/ferreteria-abrinal-web/v2-laravel/vendor/laravel/framework/src/Illuminate/Pipeline/Pipeline.php(219): Illuminate/Session/Middleware/StartSession->handle()
#30 C:/Users/amaya/OneDrive/Documentos/ferreteria-abrinal-web/v2-laravel/vendor/laravel/framework/src/Illuminate/Cookie/Middleware/AddQueuedCookiesToResponse.php(36): Illuminate/Pipeline/Pipeline->{closure:{closure:Illuminate/Pipeline/Pipeline::carry():194}:195}()
#31 C:/Users/amaya/OneDrive/Documentos/ferreteria-abrinal-web/v2-laravel/vendor/laravel/framework/src/Illuminate/Pipeline/Pipeline.php(219): Illuminate/Cookie/Middleware/AddQueuedCookiesToResponse->handle()
#32 C:/Users/amaya/OneDrive/Documentos/ferreteria-abrinal-web/v2-laravel/vendor/laravel/framework/src/Illuminate/Cookie/Middleware/EncryptCookies.php(74): Illuminate/Pipeline/Pipeline->{closure:{closure:Illuminate/Pipeline/Pipeline::carry():194}:195}()
#33 C:/Users/amaya/OneDrive/Documentos/ferreteria-abrinal-web/v2-laravel/vendor/laravel/framework/src/Illuminate/Pipeline/Pipeline.php(219): Illuminate/Cookie/Middleware/EncryptCookies->handle()
#34 C:/Users/amaya/OneDrive/Documentos/ferreteria-abrinal-web/v2-laravel/vendor/laravel/framework/src/Illuminate/Pipeline/Pipeline.php(137): Illuminate/Pipeline/Pipeline->{closure:{closure:Illuminate/Pipeline/Pipeline::carry():194}:195}()
#35 C:/Users/amaya/OneDrive/Documentos/ferreteria-abrinal-web/v2-laravel/vendor/laravel/framework/src/Illuminate/Routing/Router.php(821): Illuminate/Pipeline/Pipeline->then()
#36 C:/Users/amaya/OneDrive/Documentos/ferreteria-abrinal-web/v2-laravel/vendor/laravel/framework/src/Illuminate/Routing/Router.php(800): Illuminate/Routing/Router->runRouteWithinStack()
#37 C:/Users/amaya/OneDrive/Documentos/ferreteria-abrinal-web/v2-laravel/vendor/laravel/framework/src/Illuminate/Routing/Router.php(764): Illuminate/Routing/Router->runRoute()
#38 C:/Users/amaya/OneDrive/Documentos/ferreteria-abrinal-web/v2-laravel/vendor/laravel/framework/src/Illuminate/Routing/Router.php(753): Illuminate/Routing/Router->dispatchToRoute()
#39 C:/Users/amaya/OneDrive/Documentos/ferreteria-abrinal-web/v2-laravel/vendor/laravel/framework/src/Illuminate/Foundation/Http/Kernel.php(200): Illuminate/Routing/Router->dispatch()
#40 C:/Users/amaya/OneDrive/Documentos/ferreteria-abrinal-web/v2-laravel/vendor/laravel/framework/src/Illuminate/Pipeline/Pipeline.php(180): Illuminate/Foundation/Http/Kernel->{closure:Illuminate/Foundation/Http/Kernel::dispatchToRouter():197}()
#41 C:/Users/amaya/OneDrive/Documentos/ferreteria-abrinal-web/v2-laravel/vendor/laravel/framework/src/Illuminate/Foundation/Http/Middleware/TransformsRequest.php(21): Illuminate/Pipeline/Pipeline->{closure:Illuminate/Pipeline/Pipeline::prepareDestination():178}()
#42 C:/Users/amaya/OneDrive/Documentos/ferreteria-abrinal-web/v2-laravel/vendor/laravel/framework/src/Illuminate/Foundation/Http/Middleware/ConvertEmptyStringsToNull.php(31): Illuminate/Foundation/Http/Middleware/TransformsRequest->handle()
#43 C:/Users/amaya/OneDrive/Documentos/ferreteria-abrinal-web/v2-laravel/vendor/laravel/framework/src/Illuminate/Pipeline/Pipeline.php(219): Illuminate/Foundation/Http/Middleware/ConvertEmptyStringsToNull->handle()
#44 C:/Users/amaya/OneDrive/Documentos/ferreteria-abrinal-web/v2-laravel/vendor/laravel/framework/src/Illuminate/Foundation/Http/Middleware/TransformsRequest.php(21): Illuminate/Pipeline/Pipeline->{closure:{closure:Illuminate/Pipeline/Pipeline::carry():194}:195}()
#45 C:/Users/amaya/OneDrive/Documentos/ferreteria-abrinal-web/v2-laravel/vendor/laravel/framework/src/Illuminate/Foundation/Http/Middleware/TrimStrings.php(51): Illuminate/Foundation/Http/Middleware/TransformsRequest->handle()
#46 C:/Users/amaya/OneDrive/Documentos/ferreteria-abrinal-web/v2-laravel/vendor/laravel/framework/src/Illuminate/Pipeline/Pipeline.php(219): Illuminate/Foundation/Http/Middleware/TrimStrings->handle()
#47 C:/Users/amaya/OneDrive/Documentos/ferreteria-abrinal-web/v2-laravel/vendor/laravel/framework/src/Illuminate/Http/Middleware/ValidatePostSize.php(27): Illuminate/Pipeline/Pipeline->{closure:{closure:Illuminate/Pipeline/Pipeline::carry():194}:195}()
#48 C:/Users/amaya/OneDrive/Documentos/ferreteria-abrinal-web/v2-laravel/vendor/laravel/framework/src/Illuminate/Pipeline/Pipeline.php(219): Illuminate/Http/Middleware/ValidatePostSize->handle()
#49 C:/Users/amaya/OneDrive/Documentos/ferreteria-abrinal-web/v2-laravel/vendor/laravel/framework/src/Illuminate/Foundation/Http/Middleware/PreventRequestsDuringMaintenance.php(109): Illuminate/Pipeline/Pipeline->{closure:{closure:Illuminate/Pipeline/Pipeline::carry():194}:195}()
#50 C:/Users/amaya/OneDrive/Documentos/ferreteria-abrinal-web/v2-laravel/vendor/laravel/framework/src/Illuminate/Pipeline/Pipeline.php(219): Illuminate/Foundation/Http/Middleware/PreventRequestsDuringMaintenance->handle()
#51 C:/Users/amaya/OneDrive/Documentos/ferreteria-abrinal-web/v2-laravel/vendor/laravel/framework/src/Illuminate/Http/Middleware/HandleCors.php(61): Illuminate/Pipeline/Pipeline->{closure:{closure:Illuminate/Pipeline/Pipeline::carry():194}:195}()
#52 C:/Users/amaya/OneDrive/Documentos/ferreteria-abrinal-web/v2-laravel/vendor/laravel/framework/src/Illuminate/Pipeline/Pipeline.php(219): Illuminate/Http/Middleware/HandleCors->handle()
#53 C:/Users/amaya/OneDrive/Documentos/ferreteria-abrinal-web/v2-laravel/vendor/laravel/framework/src/Illuminate/Http/Middleware/TrustProxies.php(58): Illuminate/Pipeline/Pipeline->{closure:{closure:Illuminate/Pipeline/Pipeline::carry():194}:195}()
#54 C:/Users/amaya/OneDrive/Documentos/ferreteria-abrinal-web/v2-laravel/vendor/laravel/framework/src/Illuminate/Pipeline/Pipeline.php(219): Illuminate/Http/Middleware/TrustProxies->handle()
#55 C:/Users/amaya/OneDrive/Documentos/ferreteria-abrinal-web/v2-laravel/vendor/laravel/framework/src/Illuminate/Foundation/Http/Middleware/InvokeDeferredCallbacks.php(22): Illuminate/Pipeline/Pipeline->{closure:{closure:Illuminate/Pipeline/Pipeline::carry():194}:195}()
#56 C:/Users/amaya/OneDrive/Documentos/ferreteria-abrinal-web/v2-laravel/vendor/laravel/framework/src/Illuminate/Pipeline/Pipeline.php(219): Illuminate/Foundation/Http/Middleware/InvokeDeferredCallbacks->handle()
#57 C:/Users/amaya/OneDrive/Documentos/ferreteria-abrinal-web/v2-laravel/vendor/laravel/framework/src/Illuminate/Http/Middleware/ValidatePathEncoding.php(26): Illuminate/Pipeline/Pipeline->{closure:{closure:Illuminate/Pipeline/Pipeline::carry():194}:195}()
#58 C:/Users/amaya/OneDrive/Documentos/ferreteria-abrinal-web/v2-laravel/vendor/laravel/framework/src/Illuminate/Pipeline/Pipeline.php(219): Illuminate/Http/Middleware/ValidatePathEncoding->handle()
#59 C:/Users/amaya/OneDrive/Documentos/ferreteria-abrinal-web/v2-laravel/vendor/laravel/framework/src/Illuminate/Pipeline/Pipeline.php(137): Illuminate/Pipeline/Pipeline->{closure:{closure:Illuminate/Pipeline/Pipeline::carry():194}:195}()
#60 C:/Users/amaya/OneDrive/Documentos/ferreteria-abrinal-web/v2-laravel/vendor/laravel/framework/src/Illuminate/Foundation/Http/Kernel.php(175): Illuminate/Pipeline/Pipeline->then()
#61 C:/Users/amaya/OneDrive/Documentos/ferreteria-abrinal-web/v2-laravel/vendor/laravel/framework/src/Illuminate/Foundation/Http/Kernel.php(144): Illuminate/Foundation/Http/Kernel->sendRequestThroughRouter()
#62 C:/Users/amaya/OneDrive/Documentos/ferreteria-abrinal-web/v2-laravel/vendor/laravel/framework/src/Illuminate/Foundation/Application.php(1220): Illuminate/Foundation/Http/Kernel->handle()
#63 C:/Users/amaya/OneDrive/Documentos/ferreteria-abrinal-web/v2-laravel/public/index.php(15): Illuminate/Foundation/Application->handleRequest()
#64 C:/Users/amaya/OneDrive/Documentos/ferreteria-abrinal-web/v2-laravel/vendor/laravel/framework/src/Illuminate/Foundation/resources/server.php(23): require_once('...')
#65 {main}
"} 
[2026-02-23 17:10:26] laravel.EMERGENCY: Unable to create configured logger. Using emergency logger. {"exception":"[object] (InvalidArgumentException(code: 0): Log [] is not defined. at C:/Users/amaya/OneDrive/Documentos/ferreteria-abrinal-web/v2-laravel/vendor/laravel/framework/src/Illuminate/Log/LogManager.php:222)
[stacktrace]
#0 C:/Users/amaya/OneDrive/Documentos/ferreteria-abrinal-web/v2-laravel/vendor/laravel/framework/src/Illuminate/Log/LogManager.php(138): Illuminate/Log/LogManager->resolve()
#1 C:/Users/amaya/OneDrive/Documentos/ferreteria-abrinal-web/v2-laravel/vendor/laravel/framework/src/Illuminate/Log/LogManager.php(125): Illuminate/Log/LogManager->get()
#2 C:/Users/amaya/OneDrive/Documentos/ferreteria-abrinal-web/v2-laravel/vendor/laravel/framework/src/Illuminate/Log/LogManager.php(703): Illuminate/Log/LogManager->driver()
#3 C:/Users/amaya/OneDrive/Documentos/ferreteria-abrinal-web/v2-laravel/vendor/laravel/framework/src/Illuminate/Foundation/Exceptions/Handler.php(402): Illuminate/Log/LogManager->error()
#4 C:/Users/amaya/OneDrive/Documentos/ferreteria-abrinal-web/v2-laravel/vendor/laravel/framework/src/Illuminate/Foundation/Exceptions/Handler.php(365): Illuminate/Foundation/Exceptions/Handler->reportThrowable()
#5 C:/Users/amaya/OneDrive/Documentos/ferreteria-abrinal-web/v2-laravel/vendor/laravel/framework/src/Illuminate/Foundation/Http/Kernel.php(562): Illuminate/Foundation/Exceptions/Handler->report()
#6 C:/Users/amaya/OneDrive/Documentos/ferreteria-abrinal-web/v2-laravel/vendor/laravel/framework/src/Illuminate/Foundation/Http/Kernel.php(146): Illuminate/Foundation/Http/Kernel->reportException()
#7 C:/Users/amaya/OneDrive/Documentos/ferreteria-abrinal-web/v2-laravel/vendor/laravel/framework/src/Illuminate/Foundation/Application.php(1220): Illuminate/Foundation/Http/Kernel->handle()
#8 C:/Users/amaya/OneDrive/Documentos/ferreteria-abrinal-web/v2-laravel/public/index.php(15): Illuminate/Foundation/Application->handleRequest()
#9 C:/Users/amaya/OneDrive/Documentos/ferreteria-abrinal-web/v2-laravel/vendor/laravel/framework/src/Illuminate/Foundation/resources/server.php(23): require_once('...')
#10 {main}
"} 
[2026-02-23 17:10:26] laravel.ERROR: Class "Laravel\Fortify\Features" not found {"exception":"[object] (Error(code: 0): Class \"Laravel\\Fortify\\Features\" not found at C:/Users/amaya/OneDrive/Documentos/ferreteria-abrinal-web/v2-laravel/config/fortify.php:41)
[stacktrace]
#0 C:/Users/amaya/OneDrive/Documentos/ferreteria-abrinal-web/v2-laravel/vendor/laravel/framework/src/Illuminate/Foundation/Bootstrap/LoadConfiguration.php(115): require()
#1 C:/Users/amaya/OneDrive/Documentos/ferreteria-abrinal-web/v2-laravel/vendor/laravel/framework/src/Illuminate/Foundation/Bootstrap/LoadConfiguration.php(115): Illuminate/Foundation/Bootstrap/LoadConfiguration->{closure:Illuminate/Foundation/Bootstrap/LoadConfiguration::loadConfigurationFile():115}()
#2 C:/Users/amaya/OneDrive/Documentos/ferreteria-abrinal-web/v2-laravel/vendor/laravel/framework/src/Illuminate/Foundation/Bootstrap/LoadConfiguration.php(96): Illuminate/Foundation/Bootstrap/LoadConfiguration->loadConfigurationFile()
#3 C:/Users/amaya/OneDrive/Documentos/ferreteria-abrinal-web/v2-laravel/vendor/laravel/framework/src/Illuminate/Foundation/Bootstrap/LoadConfiguration.php(55): Illuminate/Foundation/Bootstrap/LoadConfiguration->loadConfigurationFiles()
#4 C:/Users/amaya/OneDrive/Documentos/ferreteria-abrinal-web/v2-laravel/vendor/laravel/framework/src/Illuminate/Foundation/Application.php(342): Illuminate/Foundation/Bootstrap/LoadConfiguration->bootstrap()
#5 C:/Users/amaya/OneDrive/Documentos/ferreteria-abrinal-web/v2-laravel/vendor/laravel/framework/src/Illuminate/Foundation/Http/Kernel.php(186): Illuminate/Foundation/Application->bootstrapWith()
#6 C:/Users/amaya/OneDrive/Documentos/ferreteria-abrinal-web/v2-laravel/vendor/laravel/framework/src/Illuminate/Foundation/Http/Kernel.php(170): Illuminate/Foundation/Http/Kernel->bootstrap()
#7 C:/Users/amaya/OneDrive/Documentos/ferreteria-abrinal-web/v2-laravel/vendor/laravel/framework/src/Illuminate/Foundation/Http/Kernel.php(144): Illuminate/Foundation/Http/Kernel->sendRequestThroughRouter()
#8 C:/Users/amaya/OneDrive/Documentos/ferreteria-abrinal-web/v2-laravel/vendor/laravel/framework/src/Illuminate/Foundation/Application.php(1220): Illuminate/Foundation/Http/Kernel->handle()
#9 C:/Users/amaya/OneDrive/Documentos/ferreteria-abrinal-web/v2-laravel/public/index.php(15): Illuminate/Foundation/Application->handleRequest()
#10 C:/Users/amaya/OneDrive/Documentos/ferreteria-abrinal-web/v2-laravel/vendor/laravel/framework/src/Illuminate/Foundation/resources/server.php(23): require_once('...')
#11 {main}
"} 
[2026-02-23 17:10:29] laravel.EMERGENCY: Unable to create configured logger. Using emergency logger. {"exception":"[object] (InvalidArgumentException(code: 0): Log [] is not defined. at C:/Users/amaya/OneDrive/Documentos/ferreteria-abrinal-web/v2-laravel/vendor/laravel/framework/src/Illuminate/Log/LogManager.php:222)
[stacktrace]
#0 C:/Users/amaya/OneDrive/Documentos/ferreteria-abrinal-web/v2-laravel/vendor/laravel/framework/src/Illuminate/Log/LogManager.php(138): Illuminate/Log/LogManager->resolve()
#1 C:/Users/amaya/OneDrive/Documentos/ferreteria-abrinal-web/v2-laravel/vendor/laravel/framework/src/Illuminate/Log/LogManager.php(125): Illuminate/Log/LogManager->get()
#2 C:/Users/amaya/OneDrive/Documentos/ferreteria-abrinal-web/v2-laravel/vendor/laravel/framework/src/Illuminate/Log/LogManager.php(703): Illuminate/Log/LogManager->driver()
#3 C:/Users/amaya/OneDrive/Documentos/ferreteria-abrinal-web/v2-laravel/vendor/laravel/framework/src/Illuminate/Foundation/Exceptions/Handler.php(402): Illuminate/Log/LogManager->error()
#4 C:/Users/amaya/OneDrive/Documentos/ferreteria-abrinal-web/v2-laravel/vendor/laravel/framework/src/Illuminate/Foundation/Exceptions/Handler.php(365): Illuminate/Foundation/Exceptions/Handler->reportThrowable()
#5 C:/Users/amaya/OneDrive/Documentos/ferreteria-abrinal-web/v2-laravel/vendor/laravel/framework/src/Illuminate/Foundation/Http/Kernel.php(562): Illuminate/Foundation/Exceptions/Handler->report()
#6 C:/Users/amaya/OneDrive/Documentos/ferreteria-abrinal-web/v2-laravel/vendor/laravel/framework/src/Illuminate/Foundation/Http/Kernel.php(146): Illuminate/Foundation/Http/Kernel->reportException()
#7 C:/Users/amaya/OneDrive/Documentos/ferreteria-abrinal-web/v2-laravel/vendor/laravel/framework/src/Illuminate/Foundation/Application.php(1220): Illuminate/Foundation/Http/Kernel->handle()
#8 C:/Users/amaya/OneDrive/Documentos/ferreteria-abrinal-web/v2-laravel/public/index.php(15): Illuminate/Foundation/Application->handleRequest()
#9 C:/Users/amaya/OneDrive/Documentos/ferreteria-abrinal-web/v2-laravel/vendor/laravel/framework/src/Illuminate/Foundation/resources/server.php(23): require_once('...')
#10 {main}
"} 
[2026-02-23 17:10:29] laravel.ERROR: Class "Laravel\Fortify\Features" not found {"exception":"[object] (Error(code: 0): Class \"Laravel\\Fortify\\Features\" not found at C:/Users/amaya/OneDrive/Documentos/ferreteria-abrinal-web/v2-laravel/config/fortify.php:41)
[stacktrace]
#0 C:/Users/amaya/OneDrive/Documentos/ferreteria-abrinal-web/v2-laravel/vendor/laravel/framework/src/Illuminate/Foundation/Bootstrap/LoadConfiguration.php(115): require()
#1 C:/Users/amaya/OneDrive/Documentos/ferreteria-abrinal-web/v2-laravel/vendor/laravel/framework/src/Illuminate/Foundation/Bootstrap/LoadConfiguration.php(115): Illuminate/Foundation/Bootstrap/LoadConfiguration->{closure:Illuminate/Foundation/Bootstrap/LoadConfiguration::loadConfigurationFile():115}()
#2 C:/Users/amaya/OneDrive/Documentos/ferreteria-abrinal-web/v2-laravel/vendor/laravel/framework/src/Illuminate/Foundation/Bootstrap/LoadConfiguration.php(96): Illuminate/Foundation/Bootstrap/LoadConfiguration->loadConfigurationFile()
#3 C:/Users/amaya/OneDrive/Documentos/ferreteria-abrinal-web/v2-laravel/vendor/laravel/framework/src/Illuminate/Foundation/Bootstrap/LoadConfiguration.php(55): Illuminate/Foundation/Bootstrap/LoadConfiguration->loadConfigurationFiles()
#4 C:/Users/amaya/OneDrive/Documentos/ferreteria-abrinal-web/v2-laravel/vendor/laravel/framework/src/Illuminate/Foundation/Application.php(342): Illuminate/Foundation/Bootstrap/LoadConfiguration->bootstrap()
#5 C:/Users/amaya/OneDrive/Documentos/ferreteria-abrinal-web/v2-laravel/vendor/laravel/framework/src/Illuminate/Foundation/Http/Kernel.php(186): Illuminate/Foundation/Application->bootstrapWith()
#6 C:/Users/amaya/OneDrive/Documentos/ferreteria-abrinal-web/v2-laravel/vendor/laravel/framework/src/Illuminate/Foundation/Http/Kernel.php(170): Illuminate/Foundation/Http/Kernel->bootstrap()
#7 C:/Users/amaya/OneDrive/Documentos/ferreteria-abrinal-web/v2-laravel/vendor/laravel/framework/src/Illuminate/Foundation/Http/Kernel.php(144): Illuminate/Foundation/Http/Kernel->sendRequestThroughRouter()
#8 C:/Users/amaya/OneDrive/Documentos/ferreteria-abrinal-web/v2-laravel/vendor/laravel/framework/src/Illuminate/Foundation/Application.php(1220): Illuminate/Foundation/Http/Kernel->handle()
#9 C:/Users/amaya/OneDrive/Documentos/ferreteria-abrinal-web/v2-laravel/public/index.php(15): Illuminate/Foundation/Application->handleRequest()
#10 C:/Users/amaya/OneDrive/Documentos/ferreteria-abrinal-web/v2-laravel/vendor/laravel/framework/src/Illuminate/Foundation/resources/server.php(23): require_once('...')
#11 {main}
"} 
[2026-02-23 17:11:09] laravel.EMERGENCY: Unable to create configured logger. Using emergency logger. {"exception":"[object] (InvalidArgumentException(code: 0): Log [] is not defined. at C:/Users/amaya/OneDrive/Documentos/ferreteria-abrinal-web/v2-laravel/vendor/laravel/framework/src/Illuminate/Log/LogManager.php:222)
[stacktrace]
#0 C:/Users/amaya/OneDrive/Documentos/ferreteria-abrinal-web/v2-laravel/vendor/laravel/framework/src/Illuminate/Log/LogManager.php(138): Illuminate/Log/LogManager->resolve()
#1 C:/Users/amaya/OneDrive/Documentos/ferreteria-abrinal-web/v2-laravel/vendor/laravel/framework/src/Illuminate/Log/LogManager.php(125): Illuminate/Log/LogManager->get()
#2 C:/Users/amaya/OneDrive/Documentos/ferreteria-abrinal-web/v2-laravel/vendor/laravel/framework/src/Illuminate/Log/LogManager.php(703): Illuminate/Log/LogManager->driver()
#3 C:/Users/amaya/OneDrive/Documentos/ferreteria-abrinal-web/v2-laravel/vendor/laravel/framework/src/Illuminate/Foundation/Exceptions/Handler.php(402): Illuminate/Log/LogManager->error()
#4 C:/Users/amaya/OneDrive/Documentos/ferreteria-abrinal-web/v2-laravel/vendor/laravel/framework/src/Illuminate/Foundation/Exceptions/Handler.php(365): Illuminate/Foundation/Exceptions/Handler->reportThrowable()
#5 C:/Users/amaya/OneDrive/Documentos/ferreteria-abrinal-web/v2-laravel/vendor/laravel/framework/src/Illuminate/Foundation/Http/Kernel.php(562): Illuminate/Foundation/Exceptions/Handler->report()
#6 C:/Users/amaya/OneDrive/Documentos/ferreteria-abrinal-web/v2-laravel/vendor/laravel/framework/src/Illuminate/Foundation/Http/Kernel.php(146): Illuminate/Foundation/Http/Kernel->reportException()
#7 C:/Users/amaya/OneDrive/Documentos/ferreteria-abrinal-web/v2-laravel/vendor/laravel/framework/src/Illuminate/Foundation/Application.php(1220): Illuminate/Foundation/Http/Kernel->handle()
#8 C:/Users/amaya/OneDrive/Documentos/ferreteria-abrinal-web/v2-laravel/public/index.php(15): Illuminate/Foundation/Application->handleRequest()
#9 C:/Users/amaya/OneDrive/Documentos/ferreteria-abrinal-web/v2-laravel/vendor/laravel/framework/src/Illuminate/Foundation/resources/server.php(23): require_once('...')
#10 {main}
"} 
[2026-02-23 17:11:09] laravel.ERROR: Class "Laravel\Fortify\Features" not found {"exception":"[object] (Error(code: 0): Class \"Laravel\\Fortify\\Features\" not found at C:/Users/amaya/OneDrive/Documentos/ferreteria-abrinal-web/v2-laravel/config/fortify.php:41)
[stacktrace]
#0 C:/Users/amaya/OneDrive/Documentos/ferreteria-abrinal-web/v2-laravel/vendor/laravel/framework/src/Illuminate/Foundation/Bootstrap/LoadConfiguration.php(115): require()
#1 C:/Users/amaya/OneDrive/Documentos/ferreteria-abrinal-web/v2-laravel/vendor/laravel/framework/src/Illuminate/Foundation/Bootstrap/LoadConfiguration.php(115): Illuminate/Foundation/Bootstrap/LoadConfiguration->{closure:Illuminate/Foundation/Bootstrap/LoadConfiguration::loadConfigurationFile():115}()
#2 C:/Users/amaya/OneDrive/Documentos/ferreteria-abrinal-web/v2-laravel/vendor/laravel/framework/src/Illuminate/Foundation/Bootstrap/LoadConfiguration.php(96): Illuminate/Foundation/Bootstrap/LoadConfiguration->loadConfigurationFile()
#3 C:/Users/amaya/OneDrive/Documentos/ferreteria-abrinal-web/v2-laravel/vendor/laravel/framework/src/Illuminate/Foundation/Bootstrap/LoadConfiguration.php(55): Illuminate/Foundation/Bootstrap/LoadConfiguration->loadConfigurationFiles()
#4 C:/Users/amaya/OneDrive/Documentos/ferreteria-abrinal-web/v2-laravel/vendor/laravel/framework/src/Illuminate/Foundation/Application.php(342): Illuminate/Foundation/Bootstrap/LoadConfiguration->bootstrap()
#5 C:/Users/amaya/OneDrive/Documentos/ferreteria-abrinal-web/v2-laravel/vendor/laravel/framework/src/Illuminate/Foundation/Http/Kernel.php(186): Illuminate/Foundation/Application->bootstrapWith()
#6 C:/Users/amaya/OneDrive/Documentos/ferreteria-abrinal-web/v2-laravel/vendor/laravel/framework/src/Illuminate/Foundation/Http/Kernel.php(170): Illuminate/Foundation/Http/Kernel->bootstrap()
#7 C:/Users/amaya/OneDrive/Documentos/ferreteria-abrinal-web/v2-laravel/vendor/laravel/framework/src/Illuminate/Foundation/Http/Kernel.php(144): Illuminate/Foundation/Http/Kernel->sendRequestThroughRouter()
#8 C:/Users/amaya/OneDrive/Documentos/ferreteria-abrinal-web/v2-laravel/vendor/laravel/framework/src/Illuminate/Foundation/Application.php(1220): Illuminate/Foundation/Http/Kernel->handle()
#9 C:/Users/amaya/OneDrive/Documentos/ferreteria-abrinal-web/v2-laravel/public/index.php(15): Illuminate/Foundation/Application->handleRequest()
#10 C:/Users/amaya/OneDrive/Documentos/ferreteria-abrinal-web/v2-laravel/vendor/laravel/framework/src/Illuminate/Foundation/resources/server.php(23): require_once('...')
#11 {main}
"} 
[2026-02-23 11:48:01] local.ERROR: Maximum execution time of 30 seconds exceeded {"exception":"[object] (Symfony\\Component\\ErrorHandler\\Error\\FatalError(code: 0): Maximum execution time of 30 seconds exceeded at C:/Users/amaya/OneDrive/Documentos/ferreteria-abrinal-web/v2-laravel/vendor/composer/ClassLoader.php:429)
[stacktrace]
#0 {main}
"} 
[2026-02-23 11:48:06] local.ERROR: Target class [view] does not exist. {"exception":"[object] (Illuminate\\Contracts\\Container\\BindingResolutionException(code: 0): Target class [view] does not exist. at C:/Users/amaya/OneDrive/Documentos/ferreteria-abrinal-web/v2-laravel/vendor/laravel/framework/src/Illuminate/Container/Container.php:1124)
[stacktrace]
#0 C:/Users/amaya/OneDrive/Documentos/ferreteria-abrinal-web/v2-laravel/vendor/laravel/framework/src/Illuminate/Container/Container.php(933): Illuminate/Container/Container->build()
#1 C:/Users/amaya/OneDrive/Documentos/ferreteria-abrinal-web/v2-laravel/vendor/laravel/framework/src/Illuminate/Foundation/Application.php(1078): Illuminate/Container/Container->resolve()
#2 C:/Users/amaya/OneDrive/Documentos/ferreteria-abrinal-web/v2-laravel/vendor/laravel/framework/src/Illuminate/Container/Container.php(864): Illuminate/Foundation/Application->resolve()
#3 C:/Users/amaya/OneDrive/Documentos/ferreteria-abrinal-web/v2-laravel/vendor/laravel/framework/src/Illuminate/Foundation/Application.php(1058): Illuminate/Container/Container->make()
#4 C:/Users/amaya/OneDrive/Documentos/ferreteria-abrinal-web/v2-laravel/vendor/laravel/framework/src/Illuminate/Container/Container.php(1805): Illuminate/Foundation/Application->make()
#5 C:/Users/amaya/OneDrive/Documentos/ferreteria-abrinal-web/v2-laravel/vendor/laravel/framework/src/Illuminate/Routing/RoutingServiceProvider.php(177): Illuminate/Container/Container->offsetGet()
#6 C:/Users/amaya/OneDrive/Documentos/ferreteria-abrinal-web/v2-laravel/vendor/laravel/framework/src/Illuminate/Container/Container.php(1115): Illuminate/Routing/RoutingServiceProvider->{closure:Illuminate/Routing/RoutingServiceProvider::registerResponseFactory():176}()
#7 C:/Users/amaya/OneDrive/Documentos/ferreteria-abrinal-web/v2-laravel/vendor/laravel/framework/src/Illuminate/Container/Container.php(933): Illuminate/Container/Container->build()
#8 C:/Users/amaya/OneDrive/Documentos/ferreteria-abrinal-web/v2-laravel/vendor/laravel/framework/src/Illuminate/Foundation/Application.php(1078): Illuminate/Container/Container->resolve()
#9 C:/Users/amaya/OneDrive/Documentos/ferreteria-abrinal-web/v2-laravel/vendor/laravel/framework/src/Illuminate/Container/Container.php(864): Illuminate/Foundation/Application->resolve()
#10 C:/Users/amaya/OneDrive/Documentos/ferreteria-abrinal-web/v2-laravel/vendor/laravel/framework/src/Illuminate/Foundation/Application.php(1058): Illuminate/Container/Container->make()
#11 C:/Users/amaya/OneDrive/Documentos/ferreteria-abrinal-web/v2-laravel/vendor/laravel/framework/src/Illuminate/Foundation/helpers.php(138): Illuminate/Foundation/Application->make()
#12 C:/Users/amaya/OneDrive/Documentos/ferreteria-abrinal-web/v2-laravel/vendor/laravel/framework/src/Illuminate/Foundation/helpers.php(850): app()
#13 C:/Users/amaya/OneDrive/Documentos/ferreteria-abrinal-web/v2-laravel/vendor/laravel/framework/src/Illuminate/Foundation/Exceptions/Handler.php(987): response()
#14 C:/Users/amaya/OneDrive/Documentos/ferreteria-abrinal-web/v2-laravel/vendor/laravel/framework/src/Illuminate/Foundation/Exceptions/Handler.php(839): Illuminate/Foundation/Exceptions/Handler->toIlluminateResponse()
#15 C:/Users/amaya/OneDrive/Documentos/ferreteria-abrinal-web/v2-laravel/vendor/laravel/framework/src/Illuminate/Foundation/Exceptions/Handler.php(738): Illuminate/Foundation/Exceptions/Handler->prepareResponse()
#16 C:/Users/amaya/OneDrive/Documentos/ferreteria-abrinal-web/v2-laravel/vendor/laravel/framework/src/Illuminate/Foundation/Exceptions/Handler.php(626): Illuminate/Foundation/Exceptions/Handler->renderExceptionResponse()
#17 C:/Users/amaya/OneDrive/Documentos/ferreteria-abrinal-web/v2-laravel/vendor/laravel/framework/src/Illuminate/Foundation/Bootstrap/HandleExceptions.php(221): Illuminate/Foundation/Exceptions/Handler->render()
#18 C:/Users/amaya/OneDrive/Documentos/ferreteria-abrinal-web/v2-laravel/vendor/laravel/framework/src/Illuminate/Foundation/Bootstrap/HandleExceptions.php(198): Illuminate/Foundation/Bootstrap/HandleExceptions->renderHttpResponse()
#19 C:/Users/amaya/OneDrive/Documentos/ferreteria-abrinal-web/v2-laravel/vendor/laravel/framework/src/Illuminate/Foundation/Bootstrap/HandleExceptions.php(234): Illuminate/Foundation/Bootstrap/HandleExceptions->handleException()
#20 C:/Users/amaya/OneDrive/Documentos/ferreteria-abrinal-web/v2-laravel/vendor/laravel/framework/src/Illuminate/Foundation/Bootstrap/HandleExceptions.php(258): Illuminate/Foundation/Bootstrap/HandleExceptions->handleShutdown()
#21 [internal function]: Illuminate/Foundation/Bootstrap/HandleExceptions->{closure:Illuminate/Foundation/Bootstrap/HandleExceptions::forwardsTo():257}()
#22 {main}

[previous exception] [object] (ReflectionException(code: -1): Class \"view\" does not exist at C:/Users/amaya/OneDrive/Documentos/ferreteria-abrinal-web/v2-laravel/vendor/laravel/framework/src/Illuminate/Container/Container.php:1122)
[stacktrace]
#0 C:/Users/amaya/OneDrive/Documentos/ferreteria-abrinal-web/v2-laravel/vendor/laravel/framework/src/Illuminate/Container/Container.php(1122): ReflectionClass->__construct()
#1 C:/Users/amaya/OneDrive/Documentos/ferreteria-abrinal-web/v2-laravel/vendor/laravel/framework/src/Illuminate/Container/Container.php(933): Illuminate/Container/Container->build()
#2 C:/Users/amaya/OneDrive/Documentos/ferreteria-abrinal-web/v2-laravel/vendor/laravel/framework/src/Illuminate/Foundation/Application.php(1078): Illuminate/Container/Container->resolve()
#3 C:/Users/amaya/OneDrive/Documentos/ferreteria-abrinal-web/v2-laravel/vendor/laravel/framework/src/Illuminate/Container/Container.php(864): Illuminate/Foundation/Application->resolve()
#4 C:/Users/amaya/OneDrive/Documentos/ferreteria-abrinal-web/v2-laravel/vendor/laravel/framework/src/Illuminate/Foundation/Application.php(1058): Illuminate/Container/Container->make()
#5 C:/Users/amaya/OneDrive/Documentos/ferreteria-abrinal-web/v2-laravel/vendor/laravel/framework/src/Illuminate/Container/Container.php(1805): Illuminate/Foundation/Application->make()
#6 C:/Users/amaya/OneDrive/Documentos/ferreteria-abrinal-web/v2-laravel/vendor/laravel/framework/src/Illuminate/Routing/RoutingServiceProvider.php(177): Illuminate/Container/Container->offsetGet()
#7 C:/Users/amaya/OneDrive/Documentos/ferreteria-abrinal-web/v2-laravel/vendor/laravel/framework/src/Illuminate/Container/Container.php(1115): Illuminate/Routing/RoutingServiceProvider->{closure:Illuminate/Routing/RoutingServiceProvider::registerResponseFactory():176}()
#8 C:/Users/amaya/OneDrive/Documentos/ferreteria-abrinal-web/v2-laravel/vendor/laravel/framework/src/Illuminate/Container/Container.php(933): Illuminate/Container/Container->build()
#9 C:/Users/amaya/OneDrive/Documentos/ferreteria-abrinal-web/v2-laravel/vendor/laravel/framework/src/Illuminate/Foundation/Application.php(1078): Illuminate/Container/Container->resolve()
#10 C:/Users/amaya/OneDrive/Documentos/ferreteria-abrinal-web/v2-laravel/vendor/laravel/framework/src/Illuminate/Container/Container.php(864): Illuminate/Foundation/Application->resolve()
#11 C:/Users/amaya/OneDrive/Documentos/ferreteria-abrinal-web/v2-laravel/vendor/laravel/framework/src/Illuminate/Foundation/Application.php(1058): Illuminate/Container/Container->make()
#12 C:/Users/amaya/OneDrive/Documentos/ferreteria-abrinal-web/v2-laravel/vendor/laravel/framework/src/Illuminate/Foundation/helpers.php(138): Illuminate/Foundation/Application->make()
#13 C:/Users/amaya/OneDrive/Documentos/ferreteria-abrinal-web/v2-laravel/vendor/laravel/framework/src/Illuminate/Foundation/helpers.php(850): app()
#14 C:/Users/amaya/OneDrive/Documentos/ferreteria-abrinal-web/v2-laravel/vendor/laravel/framework/src/Illuminate/Foundation/Exceptions/Handler.php(987): response()
#15 C:/Users/amaya/OneDrive/Documentos/ferreteria-abrinal-web/v2-laravel/vendor/laravel/framework/src/Illuminate/Foundation/Exceptions/Handler.php(839): Illuminate/Foundation/Exceptions/Handler->toIlluminateResponse()
#16 C:/Users/amaya/OneDrive/Documentos/ferreteria-abrinal-web/v2-laravel/vendor/laravel/framework/src/Illuminate/Foundation/Exceptions/Handler.php(738): Illuminate/Foundation/Exceptions/Handler->prepareResponse()
#17 C:/Users/amaya/OneDrive/Documentos/ferreteria-abrinal-web/v2-laravel/vendor/laravel/framework/src/Illuminate/Foundation/Exceptions/Handler.php(626): Illuminate/Foundation/Exceptions/Handler->renderExceptionResponse()
#18 C:/Users/amaya/OneDrive/Documentos/ferreteria-abrinal-web/v2-laravel/vendor/laravel/framework/src/Illuminate/Foundation/Bootstrap/HandleExceptions.php(221): Illuminate/Foundation/Exceptions/Handler->render()
#19 C:/Users/amaya/OneDrive/Documentos/ferreteria-abrinal-web/v2-laravel/vendor/laravel/framework/src/Illuminate/Foundation/Bootstrap/HandleExceptions.php(198): Illuminate/Foundation/Bootstrap/HandleExceptions->renderHttpResponse()
#20 C:/Users/amaya/OneDrive/Documentos/ferreteria-abrinal-web/v2-laravel/vendor/laravel/framework/src/Illuminate/Foundation/Bootstrap/HandleExceptions.php(234): Illuminate/Foundation/Bootstrap/HandleExceptions->handleException()
#21 C:/Users/amaya/OneDrive/Documentos/ferreteria-abrinal-web/v2-laravel/vendor/laravel/framework/src/Illuminate/Foundation/Bootstrap/HandleExceptions.php(258): Illuminate/Foundation/Bootstrap/HandleExceptions->handleShutdown()
#22 [internal function]: Illuminate/Foundation/Bootstrap/HandleExceptions->{closure:Illuminate/Foundation/Bootstrap/HandleExceptions::forwardsTo():257}()
#23 {main}
"} 
[2026-02-23 11:48:37] local.ERROR: Maximum execution time of 30 seconds exceeded {"exception":"[object] (Symfony\\Component\\ErrorHandler\\Error\\FatalError(code: 0): Maximum execution time of 30 seconds exceeded at C:/Users/amaya/OneDrive/Documentos/ferreteria-abrinal-web/v2-laravel/vendor/composer/ClassLoader.php:429)
[stacktrace]
#0 {main}
"} 
[2026-02-23 14:44:23] local.ERROR: SQLSTATE[42703]: Undefined column: 7 ERROR:  no existe la columna «updated_at» en la relación «roles»
LINE 1: insert into "roles" ("guard_name", "name", "updated_at", "cr...
                                                   ^ (Connection: pgsql, Host: 127.0.0.1, Port: 5432, Database: ferreteria_abrinal, SQL: insert into "roles" ("guard_name", "name", "updated_at", "created_at") values (web, admin, 2026-02-23 14:44:23, 2026-02-23 14:44:23) returning "id") {"exception":"[object] (Illuminate\\Database\\QueryException(code: 42703): SQLSTATE[42703]: Undefined column: 7 ERROR:  no existe la columna «updated_at» en la relación «roles»
LINE 1: insert into \"roles\" (\"guard_name\", \"name\", \"updated_at\", \"cr...
                                                   ^ (Connection: pgsql, Host: 127.0.0.1, Port: 5432, Database: ferreteria_abrinal, SQL: insert into \"roles\" (\"guard_name\", \"name\", \"updated_at\", \"created_at\") values (web, admin, 2026-02-23 14:44:23, 2026-02-23 14:44:23) returning \"id\") at C:/Users/amaya/OneDrive/Documentos/ferreteria-abrinal-web/v2-laravel/vendor/laravel/framework/src/Illuminate/Database/Connection.php:838)
[stacktrace]
#0 C:/Users/amaya/OneDrive/Documentos/ferreteria-abrinal-web/v2-laravel/vendor/laravel/framework/src/Illuminate/Database/Connection.php(794): Illuminate/Database/Connection->runQueryCallback()
#1 C:/Users/amaya/OneDrive/Documentos/ferreteria-abrinal-web/v2-laravel/vendor/laravel/framework/src/Illuminate/Database/Connection.php(411): Illuminate/Database/Connection->run()
#2 C:/Users/amaya/OneDrive/Documentos/ferreteria-abrinal-web/v2-laravel/vendor/laravel/framework/src/Illuminate/Database/Connection.php(398): Illuminate/Database/Connection->select()
#3 C:/Users/amaya/OneDrive/Documentos/ferreteria-abrinal-web/v2-laravel/vendor/laravel/framework/src/Illuminate/Database/Query/Processors/PostgresProcessor.php(24): Illuminate/Database/Connection->selectFromWriteConnection()
#4 C:/Users/amaya/OneDrive/Documentos/ferreteria-abrinal-web/v2-laravel/vendor/laravel/framework/src/Illuminate/Database/Query/Builder.php(4103): Illuminate/Database/Query/Processors/PostgresProcessor->processInsertGetId()
#5 C:/Users/amaya/OneDrive/Documentos/ferreteria-abrinal-web/v2-laravel/vendor/laravel/framework/src/Illuminate/Database/Eloquent/Builder.php(2235): Illuminate/Database/Query/Builder->insertGetId()
#6 C:/Users/amaya/OneDrive/Documentos/ferreteria-abrinal-web/v2-laravel/vendor/laravel/framework/src/Illuminate/Database/Eloquent/Model.php(1436): Illuminate/Database/Eloquent/Builder->__call()
#7 C:/Users/amaya/OneDrive/Documentos/ferreteria-abrinal-web/v2-laravel/vendor/laravel/framework/src/Illuminate/Database/Eloquent/Model.php(1401): Illuminate/Database/Eloquent/Model->insertAndSetId()
#8 C:/Users/amaya/OneDrive/Documentos/ferreteria-abrinal-web/v2-laravel/vendor/laravel/framework/src/Illuminate/Database/Eloquent/Model.php(1240): Illuminate/Database/Eloquent/Model->performInsert()
#9 C:/Users/amaya/OneDrive/Documentos/ferreteria-abrinal-web/v2-laravel/vendor/laravel/framework/src/Illuminate/Database/Eloquent/Builder.php(1219): Illuminate/Database/Eloquent/Model->save()
#10 C:/Users/amaya/OneDrive/Documentos/ferreteria-abrinal-web/v2-laravel/vendor/laravel/framework/src/Illuminate/Support/helpers.php(388): Illuminate/Database/Eloquent/Builder->{closure:Illuminate/Database/Eloquent/Builder::create():1218}()
#11 C:/Users/amaya/OneDrive/Documentos/ferreteria-abrinal-web/v2-laravel/vendor/laravel/framework/src/Illuminate/Database/Eloquent/Builder.php(1218): tap()
#12 C:/Users/amaya/OneDrive/Documentos/ferreteria-abrinal-web/v2-laravel/vendor/laravel/framework/src/Illuminate/Database/Eloquent/Builder.php(725): Illuminate/Database/Eloquent/Builder->create()
#13 C:/Users/amaya/OneDrive/Documentos/ferreteria-abrinal-web/v2-laravel/vendor/laravel/framework/src/Illuminate/Database/Eloquent/Builder.php(1959): Illuminate/Database/Eloquent/Builder->{closure:Illuminate/Database/Eloquent/Builder::createOrFirst():725}()
#14 C:/Users/amaya/OneDrive/Documentos/ferreteria-abrinal-web/v2-laravel/vendor/laravel/framework/src/Illuminate/Database/Eloquent/Builder.php(725): Illuminate/Database/Eloquent/Builder->withSavepointIfNeeded()
#15 C:/Users/amaya/OneDrive/Documentos/ferreteria-abrinal-web/v2-laravel/vendor/laravel/framework/src/Illuminate/Database/Eloquent/Builder.php(712): Illuminate/Database/Eloquent/Builder->createOrFirst()
#16 C:/Users/amaya/OneDrive/Documentos/ferreteria-abrinal-web/v2-laravel/vendor/laravel/framework/src/Illuminate/Support/Traits/ForwardsCalls.php(23): Illuminate/Database/Eloquent/Builder->firstOrCreate()
#17 C:/Users/amaya/OneDrive/Documentos/ferreteria-abrinal-web/v2-laravel/vendor/laravel/framework/src/Illuminate/Database/Eloquent/Model.php(2540): Illuminate/Database/Eloquent/Model->forwardCallTo()
#18 C:/Users/amaya/OneDrive/Documentos/ferreteria-abrinal-web/v2-laravel/vendor/laravel/framework/src/Illuminate/Database/Eloquent/Model.php(2556): Illuminate/Database/Eloquent/Model->__call()
#19 C:/Users/amaya/OneDrive/Documentos/ferreteria-abrinal-web/v2-laravel/database/seeders/RoleSeeder.php(12): Illuminate/Database/Eloquent/Model::__callStatic()
#20 C:/Users/amaya/OneDrive/Documentos/ferreteria-abrinal-web/v2-laravel/vendor/laravel/framework/src/Illuminate/Container/BoundMethod.php(36): Database/Seeders/RoleSeeder->run()
#21 C:/Users/amaya/OneDrive/Documentos/ferreteria-abrinal-web/v2-laravel/vendor/laravel/framework/src/Illuminate/Container/Util.php(43): Illuminate/Container/BoundMethod::{closure:Illuminate/Container/BoundMethod::call():35}()
#22 C:/Users/amaya/OneDrive/Documentos/ferreteria-abrinal-web/v2-laravel/vendor/laravel/framework/src/Illuminate/Container/BoundMethod.php(96): Illuminate/Container/Util::unwrapIfClosure()
#23 C:/Users/amaya/OneDrive/Documentos/ferreteria-abrinal-web/v2-laravel/vendor/laravel/framework/src/Illuminate/Container/BoundMethod.php(35): Illuminate/Container/BoundMethod::callBoundMethod()
#24 C:/Users/amaya/OneDrive/Documentos/ferreteria-abrinal-web/v2-laravel/vendor/laravel/framework/src/Illuminate/Container/Container.php(799): Illuminate/Container/BoundMethod::call()
#25 C:/Users/amaya/OneDrive/Documentos/ferreteria-abrinal-web/v2-laravel/vendor/laravel/framework/src/Illuminate/Database/Seeder.php(184): Illuminate/Container/Container->call()
#26 C:/Users/amaya/OneDrive/Documentos/ferreteria-abrinal-web/v2-laravel/vendor/laravel/framework/src/Illuminate/Database/Seeder.php(193): Illuminate/Database/Seeder->{closure:Illuminate/Database/Seeder::__invoke():183}()
#27 C:/Users/amaya/OneDrive/Documentos/ferreteria-abrinal-web/v2-laravel/vendor/laravel/framework/src/Illuminate/Database/Seeder.php(59): Illuminate/Database/Seeder->__invoke()
#28 C:/Users/amaya/OneDrive/Documentos/ferreteria-abrinal-web/v2-laravel/database/seeders/DatabaseSeeder.php(11): Illuminate/Database/Seeder->call()
#29 C:/Users/amaya/OneDrive/Documentos/ferreteria-abrinal-web/v2-laravel/vendor/laravel/framework/src/Illuminate/Container/BoundMethod.php(36): Database/Seeders/DatabaseSeeder->run()
#30 C:/Users/amaya/OneDrive/Documentos/ferreteria-abrinal-web/v2-laravel/vendor/laravel/framework/src/Illuminate/Container/Util.php(43): Illuminate/Container/BoundMethod::{closure:Illuminate/Container/BoundMethod::call():35}()
#31 C:/Users/amaya/OneDrive/Documentos/ferreteria-abrinal-web/v2-laravel/vendor/laravel/framework/src/Illuminate/Container/BoundMethod.php(96): Illuminate/Container/Util::unwrapIfClosure()
#32 C:/Users/amaya/OneDrive/Documentos/ferreteria-abrinal-web/v2-laravel/vendor/laravel/framework/src/Illuminate/Container/BoundMethod.php(35): Illuminate/Container/BoundMethod::callBoundMethod()
#33 C:/Users/amaya/OneDrive/Documentos/ferreteria-abrinal-web/v2-laravel/vendor/laravel/framework/src/Illuminate/Container/Container.php(799): Illuminate/Container/BoundMethod::call()
#34 C:/Users/amaya/OneDrive/Documentos/ferreteria-abrinal-web/v2-laravel/vendor/laravel/framework/src/Illuminate/Database/Seeder.php(184): Illuminate/Container/Container->call()
#35 C:/Users/amaya/OneDrive/Documentos/ferreteria-abrinal-web/v2-laravel/vendor/laravel/framework/src/Illuminate/Database/Seeder.php(193): Illuminate/Database/Seeder->{closure:Illuminate/Database/Seeder::__invoke():183}()
#36 C:/Users/amaya/OneDrive/Documentos/ferreteria-abrinal-web/v2-laravel/vendor/laravel/framework/src/Illuminate/Database/Console/Seeds/SeedCommand.php(71): Illuminate/Database/Seeder->__invoke()
#37 C:/Users/amaya/OneDrive/Documentos/ferreteria-abrinal-web/v2-laravel/vendor/laravel/framework/src/Illuminate/Database/Eloquent/Concerns/GuardsAttributes.php(157): Illuminate/Database/Console/Seeds/SeedCommand->{closure:Illuminate/Database/Console/Seeds/SeedCommand::handle():70}()
#38 C:/Users/amaya/OneDrive/Documentos/ferreteria-abrinal-web/v2-laravel/vendor/laravel/framework/src/Illuminate/Database/Console/Seeds/SeedCommand.php(70): Illuminate/Database/Eloquent/Model::unguarded()
#39 C:/Users/amaya/OneDrive/Documentos/ferreteria-abrinal-web/v2-laravel/vendor/laravel/framework/src/Illuminate/Container/BoundMethod.php(36): Illuminate/Database/Console/Seeds/SeedCommand->handle()
#40 C:/Users/amaya/OneDrive/Documentos/ferreteria-abrinal-web/v2-laravel/vendor/laravel/framework/src/Illuminate/Container/Util.php(43): Illuminate/Container/BoundMethod::{closure:Illuminate/Container/BoundMethod::call():35}()
#41 C:/Users/amaya/OneDrive/Documentos/ferreteria-abrinal-web/v2-laravel/vendor/laravel/framework/src/Illuminate/Container/BoundMethod.php(96): Illuminate/Container/Util::unwrapIfClosure()
#42 C:/Users/amaya/OneDrive/Documentos/ferreteria-abrinal-web/v2-laravel/vendor/laravel/framework/src/Illuminate/Container/BoundMethod.php(35): Illuminate/Container/BoundMethod::callBoundMethod()
#43 C:/Users/amaya/OneDrive/Documentos/ferreteria-abrinal-web/v2-laravel/vendor/laravel/framework/src/Illuminate/Container/Container.php(799): Illuminate/Container/BoundMethod::call()
#44 C:/Users/amaya/OneDrive/Documentos/ferreteria-abrinal-web/v2-laravel/vendor/laravel/framework/src/Illuminate/Console/Command.php(211): Illuminate/Container/Container->call()
#45 C:/Users/amaya/OneDrive/Documentos/ferreteria-abrinal-web/v2-laravel/vendor/symfony/console/Command/Command.php(341): Illuminate/Console/Command->execute()
#46 C:/Users/amaya/OneDrive/Documentos/ferreteria-abrinal-web/v2-laravel/vendor/laravel/framework/src/Illuminate/Console/Command.php(180): Symfony/Component/Console/Command/Command->run()
#47 C:/Users/amaya/OneDrive/Documentos/ferreteria-abrinal-web/v2-laravel/vendor/laravel/framework/src/Illuminate/Console/Concerns/CallsCommands.php(68): Illuminate/Console/Command->run()
#48 C:/Users/amaya/OneDrive/Documentos/ferreteria-abrinal-web/v2-laravel/vendor/laravel/framework/src/Illuminate/Console/Concerns/CallsCommands.php(29): Illuminate/Console/Command->runCommand()
#49 C:/Users/amaya/OneDrive/Documentos/ferreteria-abrinal-web/v2-laravel/vendor/laravel/framework/src/Illuminate/Database/Console/Migrations/FreshCommand.php(121): Illuminate/Console/Command->call()
#50 C:/Users/amaya/OneDrive/Documentos/ferreteria-abrinal-web/v2-laravel/vendor/laravel/framework/src/Illuminate/Database/Console/Migrations/FreshCommand.php(97): Illuminate/Database/Console/Migrations/FreshCommand->runSeeder()
#51 C:/Users/amaya/OneDrive/Documentos/ferreteria-abrinal-web/v2-laravel/vendor/laravel/framework/src/Illuminate/Container/BoundMethod.php(36): Illuminate/Database/Console/Migrations/FreshCommand->handle()
#52 C:/Users/amaya/OneDrive/Documentos/ferreteria-abrinal-web/v2-laravel/vendor/laravel/framework/src/Illuminate/Container/Util.php(43): Illuminate/Container/BoundMethod::{closure:Illuminate/Container/BoundMethod::call():35}()
#53 C:/Users/amaya/OneDrive/Documentos/ferreteria-abrinal-web/v2-laravel/vendor/laravel/framework/src/Illuminate/Container/BoundMethod.php(96): Illuminate/Container/Util::unwrapIfClosure()
#54 C:/Users/amaya/OneDrive/Documentos/ferreteria-abrinal-web/v2-laravel/vendor/laravel/framework/src/Illuminate/Container/BoundMethod.php(35): Illuminate/Container/BoundMethod::callBoundMethod()
#55 C:/Users/amaya/OneDrive/Documentos/ferreteria-abrinal-web/v2-laravel/vendor/laravel/framework/src/Illuminate/Container/Container.php(799): Illuminate/Container/BoundMethod::call()
#56 C:/Users/amaya/OneDrive/Documentos/ferreteria-abrinal-web/v2-laravel/vendor/laravel/framework/src/Illuminate/Console/Command.php(211): Illuminate/Container/Container->call()
#57 C:/Users/amaya/OneDrive/Documentos/ferreteria-abrinal-web/v2-laravel/vendor/symfony/console/Command/Command.php(341): Illuminate/Console/Command->execute()
#58 C:/Users/amaya/OneDrive/Documentos/ferreteria-abrinal-web/v2-laravel/vendor/laravel/framework/src/Illuminate/Console/Command.php(180): Symfony/Component/Console/Command/Command->run()
#59 C:/Users/amaya/OneDrive/Documentos/ferreteria-abrinal-web/v2-laravel/vendor/symfony/console/Application.php(1102): Illuminate/Console/Command->run()
#60 C:/Users/amaya/OneDrive/Documentos/ferreteria-abrinal-web/v2-laravel/vendor/symfony/console/Application.php(356): Symfony/Component/Console/Application->doRunCommand()
#61 C:/Users/amaya/OneDrive/Documentos/ferreteria-abrinal-web/v2-laravel/vendor/symfony/console/Application.php(195): Symfony/Component/Console/Application->doRun()
#62 C:/Users/amaya/OneDrive/Documentos/ferreteria-abrinal-web/v2-laravel/vendor/laravel/framework/src/Illuminate/Foundation/Console/Kernel.php(198): Symfony/Component/Console/Application->run()
#63 C:/Users/amaya/OneDrive/Documentos/ferreteria-abrinal-web/v2-laravel/vendor/laravel/framework/src/Illuminate/Foundation/Application.php(1235): Illuminate/Foundation/Console/Kernel->handle()
#64 C:/Users/amaya/OneDrive/Documentos/ferreteria-abrinal-web/v2-laravel/artisan(12): Illuminate/Foundation/Application->handleCommand()
#65 {main}

[previous exception] [object] (PDOException(code: 42703): SQLSTATE[42703]: Undefined column: 7 ERROR:  no existe la columna «updated_at» en la relación «roles»
LINE 1: insert into \"roles\" (\"guard_name\", \"name\", \"updated_at\", \"cr...
                                                   ^ at C:/Users/amaya/OneDrive/Documentos/ferreteria-abrinal-web/v2-laravel/vendor/laravel/framework/src/Illuminate/Database/Connection.php:425)
[stacktrace]
#0 C:/Users/amaya/OneDrive/Documentos/ferreteria-abrinal-web/v2-laravel/vendor/laravel/framework/src/Illuminate/Database/Connection.php(425): PDOStatement->execute()
#1 C:/Users/amaya/OneDrive/Documentos/ferreteria-abrinal-web/v2-laravel/vendor/laravel/framework/src/Illuminate/Database/Connection.php(827): Illuminate/Database/Connection->{closure:Illuminate/Database/Connection::select():411}()
#2 C:/Users/amaya/OneDrive/Documentos/ferreteria-abrinal-web/v2-laravel/vendor/laravel/framework/src/Illuminate/Database/Connection.php(794): Illuminate/Database/Connection->runQueryCallback()
#3 C:/Users/amaya/OneDrive/Documentos/ferreteria-abrinal-web/v2-laravel/vendor/laravel/framework/src/Illuminate/Database/Connection.php(411): Illuminate/Database/Connection->run()
#4 C:/Users/amaya/OneDrive/Documentos/ferreteria-abrinal-web/v2-laravel/vendor/laravel/framework/src/Illuminate/Database/Connection.php(398): Illuminate/Database/Connection->select()
#5 C:/Users/amaya/OneDrive/Documentos/ferreteria-abrinal-web/v2-laravel/vendor/laravel/framework/src/Illuminate/Database/Query/Processors/PostgresProcessor.php(24): Illuminate/Database/Connection->selectFromWriteConnection()
#6 C:/Users/amaya/OneDrive/Documentos/ferreteria-abrinal-web/v2-laravel/vendor/laravel/framework/src/Illuminate/Database/Query/Builder.php(4103): Illuminate/Database/Query/Processors/PostgresProcessor->processInsertGetId()
#7 C:/Users/amaya/OneDrive/Documentos/ferreteria-abrinal-web/v2-laravel/vendor/laravel/framework/src/Illuminate/Database/Eloquent/Builder.php(2235): Illuminate/Database/Query/Builder->insertGetId()
#8 C:/Users/amaya/OneDrive/Documentos/ferreteria-abrinal-web/v2-laravel/vendor/laravel/framework/src/Illuminate/Database/Eloquent/Model.php(1436): Illuminate/Database/Eloquent/Builder->__call()
#9 C:/Users/amaya/OneDrive/Documentos/ferreteria-abrinal-web/v2-laravel/vendor/laravel/framework/src/Illuminate/Database/Eloquent/Model.php(1401): Illuminate/Database/Eloquent/Model->insertAndSetId()
#10 C:/Users/amaya/OneDrive/Documentos/ferreteria-abrinal-web/v2-laravel/vendor/laravel/framework/src/Illuminate/Database/Eloquent/Model.php(1240): Illuminate/Database/Eloquent/Model->performInsert()
#11 C:/Users/amaya/OneDrive/Documentos/ferreteria-abrinal-web/v2-laravel/vendor/laravel/framework/src/Illuminate/Database/Eloquent/Builder.php(1219): Illuminate/Database/Eloquent/Model->save()
#12 C:/Users/amaya/OneDrive/Documentos/ferreteria-abrinal-web/v2-laravel/vendor/laravel/framework/src/Illuminate/Support/helpers.php(388): Illuminate/Database/Eloquent/Builder->{closure:Illuminate/Database/Eloquent/Builder::create():1218}()
#13 C:/Users/amaya/OneDrive/Documentos/ferreteria-abrinal-web/v2-laravel/vendor/laravel/framework/src/Illuminate/Database/Eloquent/Builder.php(1218): tap()
#14 C:/Users/amaya/OneDrive/Documentos/ferreteria-abrinal-web/v2-laravel/vendor/laravel/framework/src/Illuminate/Database/Eloquent/Builder.php(725): Illuminate/Database/Eloquent/Builder->create()
#15 C:/Users/amaya/OneDrive/Documentos/ferreteria-abrinal-web/v2-laravel/vendor/laravel/framework/src/Illuminate/Database/Eloquent/Builder.php(1959): Illuminate/Database/Eloquent/Builder->{closure:Illuminate/Database/Eloquent/Builder::createOrFirst():725}()
#16 C:/Users/amaya/OneDrive/Documentos/ferreteria-abrinal-web/v2-laravel/vendor/laravel/framework/src/Illuminate/Database/Eloquent/Builder.php(725): Illuminate/Database/Eloquent/Builder->withSavepointIfNeeded()
#17 C:/Users/amaya/OneDrive/Documentos/ferreteria-abrinal-web/v2-laravel/vendor/laravel/framework/src/Illuminate/Database/Eloquent/Builder.php(712): Illuminate/Database/Eloquent/Builder->createOrFirst()
#18 C:/Users/amaya/OneDrive/Documentos/ferreteria-abrinal-web/v2-laravel/vendor/laravel/framework/src/Illuminate/Support/Traits/ForwardsCalls.php(23): Illuminate/Database/Eloquent/Builder->firstOrCreate()
#19 C:/Users/amaya/OneDrive/Documentos/ferreteria-abrinal-web/v2-laravel/vendor/laravel/framework/src/Illuminate/Database/Eloquent/Model.php(2540): Illuminate/Database/Eloquent/Model->forwardCallTo()
#20 C:/Users/amaya/OneDrive/Documentos/ferreteria-abrinal-web/v2-laravel/vendor/laravel/framework/src/Illuminate/Database/Eloquent/Model.php(2556): Illuminate/Database/Eloquent/Model->__call()
#21 C:/Users/amaya/OneDrive/Documentos/ferreteria-abrinal-web/v2-laravel/database/seeders/RoleSeeder.php(12): Illuminate/Database/Eloquent/Model::__callStatic()
#22 C:/Users/amaya/OneDrive/Documentos/ferreteria-abrinal-web/v2-laravel/vendor/laravel/framework/src/Illuminate/Container/BoundMethod.php(36): Database/Seeders/RoleSeeder->run()
#23 C:/Users/amaya/OneDrive/Documentos/ferreteria-abrinal-web/v2-laravel/vendor/laravel/framework/src/Illuminate/Container/Util.php(43): Illuminate/Container/BoundMethod::{closure:Illuminate/Container/BoundMethod::call():35}()
#24 C:/Users/amaya/OneDrive/Documentos/ferreteria-abrinal-web/v2-laravel/vendor/laravel/framework/src/Illuminate/Container/BoundMethod.php(96): Illuminate/Container/Util::unwrapIfClosure()
#25 C:/Users/amaya/OneDrive/Documentos/ferreteria-abrinal-web/v2-laravel/vendor/laravel/framework/src/Illuminate/Container/BoundMethod.php(35): Illuminate/Container/BoundMethod::callBoundMethod()
#26 C:/Users/amaya/OneDrive/Documentos/ferreteria-abrinal-web/v2-laravel/vendor/laravel/framework/src/Illuminate/Container/Container.php(799): Illuminate/Container/BoundMethod::call()
#27 C:/Users/amaya/OneDrive/Documentos/ferreteria-abrinal-web/v2-laravel/vendor/laravel/framework/src/Illuminate/Database/Seeder.php(184): Illuminate/Container/Container->call()
#28 C:/Users/amaya/OneDrive/Documentos/ferreteria-abrinal-web/v2-laravel/vendor/laravel/framework/src/Illuminate/Database/Seeder.php(193): Illuminate/Database/Seeder->{closure:Illuminate/Database/Seeder::__invoke():183}()
#29 C:/Users/amaya/OneDrive/Documentos/ferreteria-abrinal-web/v2-laravel/vendor/laravel/framework/src/Illuminate/Database/Seeder.php(59): Illuminate/Database/Seeder->__invoke()
#30 C:/Users/amaya/OneDrive/Documentos/ferreteria-abrinal-web/v2-laravel/database/seeders/DatabaseSeeder.php(11): Illuminate/Database/Seeder->call()
#31 C:/Users/amaya/OneDrive/Documentos/ferreteria-abrinal-web/v2-laravel/vendor/laravel/framework/src/Illuminate/Container/BoundMethod.php(36): Database/Seeders/DatabaseSeeder->run()
#32 C:/Users/amaya/OneDrive/Documentos/ferreteria-abrinal-web/v2-laravel/vendor/laravel/framework/src/Illuminate/Container/Util.php(43): Illuminate/Container/BoundMethod::{closure:Illuminate/Container/BoundMethod::call():35}()
#33 C:/Users/amaya/OneDrive/Documentos/ferreteria-abrinal-web/v2-laravel/vendor/laravel/framework/src/Illuminate/Container/BoundMethod.php(96): Illuminate/Container/Util::unwrapIfClosure()
#34 C:/Users/amaya/OneDrive/Documentos/ferreteria-abrinal-web/v2-laravel/vendor/laravel/framework/src/Illuminate/Container/BoundMethod.php(35): Illuminate/Container/BoundMethod::callBoundMethod()
#35 C:/Users/amaya/OneDrive/Documentos/ferreteria-abrinal-web/v2-laravel/vendor/laravel/framework/src/Illuminate/Container/Container.php(799): Illuminate/Container/BoundMethod::call()
#36 C:/Users/amaya/OneDrive/Documentos/ferreteria-abrinal-web/v2-laravel/vendor/laravel/framework/src/Illuminate/Database/Seeder.php(184): Illuminate/Container/Container->call()
#37 C:/Users/amaya/OneDrive/Documentos/ferreteria-abrinal-web/v2-laravel/vendor/laravel/framework/src/Illuminate/Database/Seeder.php(193): Illuminate/Database/Seeder->{closure:Illuminate/Database/Seeder::__invoke():183}()
#38 C:/Users/amaya/OneDrive/Documentos/ferreteria-abrinal-web/v2-laravel/vendor/laravel/framework/src/Illuminate/Database/Console/Seeds/SeedCommand.php(71): Illuminate/Database/Seeder->__invoke()
#39 C:/Users/amaya/OneDrive/Documentos/ferreteria-abrinal-web/v2-laravel/vendor/laravel/framework/src/Illuminate/Database/Eloquent/Concerns/GuardsAttributes.php(157): Illuminate/Database/Console/Seeds/SeedCommand->{closure:Illuminate/Database/Console/Seeds/SeedCommand::handle():70}()
#40 C:/Users/amaya/OneDrive/Documentos/ferreteria-abrinal-web/v2-laravel/vendor/laravel/framework/src/Illuminate/Database/Console/Seeds/SeedCommand.php(70): Illuminate/Database/Eloquent/Model::unguarded()
#41 C:/Users/amaya/OneDrive/Documentos/ferreteria-abrinal-web/v2-laravel/vendor/laravel/framework/src/Illuminate/Container/BoundMethod.php(36): Illuminate/Database/Console/Seeds/SeedCommand->handle()
#42 C:/Users/amaya/OneDrive/Documentos/ferreteria-abrinal-web/v2-laravel/vendor/laravel/framework/src/Illuminate/Container/Util.php(43): Illuminate/Container/BoundMethod::{closure:Illuminate/Container/BoundMethod::call():35}()
#43 C:/Users/amaya/OneDrive/Documentos/ferreteria-abrinal-web/v2-laravel/vendor/laravel/framework/src/Illuminate/Container/BoundMethod.php(96): Illuminate/Container/Util::unwrapIfClosure()
#44 C:/Users/amaya/OneDrive/Documentos/ferreteria-abrinal-web/v2-laravel/vendor/laravel/framework/src/Illuminate/Container/BoundMethod.php(35): Illuminate/Container/BoundMethod::callBoundMethod()
#45 C:/Users/amaya/OneDrive/Documentos/ferreteria-abrinal-web/v2-laravel/vendor/laravel/framework/src/Illuminate/Container/Container.php(799): Illuminate/Container/BoundMethod::call()
#46 C:/Users/amaya/OneDrive/Documentos/ferreteria-abrinal-web/v2-laravel/vendor/laravel/framework/src/Illuminate/Console/Command.php(211): Illuminate/Container/Container->call()
#47 C:/Users/amaya/OneDrive/Documentos/ferreteria-abrinal-web/v2-laravel/vendor/symfony/console/Command/Command.php(341): Illuminate/Console/Command->execute()
#48 C:/Users/amaya/OneDrive/Documentos/ferreteria-abrinal-web/v2-laravel/vendor/laravel/framework/src/Illuminate/Console/Command.php(180): Symfony/Component/Console/Command/Command->run()
#49 C:/Users/amaya/OneDrive/Documentos/ferreteria-abrinal-web/v2-laravel/vendor/laravel/framework/src/Illuminate/Console/Concerns/CallsCommands.php(68): Illuminate/Console/Command->run()
#50 C:/Users/amaya/OneDrive/Documentos/ferreteria-abrinal-web/v2-laravel/vendor/laravel/framework/src/Illuminate/Console/Concerns/CallsCommands.php(29): Illuminate/Console/Command->runCommand()
#51 C:/Users/amaya/OneDrive/Documentos/ferreteria-abrinal-web/v2-laravel/vendor/laravel/framework/src/Illuminate/Database/Console/Migrations/FreshCommand.php(121): Illuminate/Console/Command->call()
#52 C:/Users/amaya/OneDrive/Documentos/ferreteria-abrinal-web/v2-laravel/vendor/laravel/framework/src/Illuminate/Database/Console/Migrations/FreshCommand.php(97): Illuminate/Database/Console/Migrations/FreshCommand->runSeeder()
#53 C:/Users/amaya/OneDrive/Documentos/ferreteria-abrinal-web/v2-laravel/vendor/laravel/framework/src/Illuminate/Container/BoundMethod.php(36): Illuminate/Database/Console/Migrations/FreshCommand->handle()
#54 C:/Users/amaya/OneDrive/Documentos/ferreteria-abrinal-web/v2-laravel/vendor/laravel/framework/src/Illuminate/Container/Util.php(43): Illuminate/Container/BoundMethod::{closure:Illuminate/Container/BoundMethod::call():35}()
#55 C:/Users/amaya/OneDrive/Documentos/ferreteria-abrinal-web/v2-laravel/vendor/laravel/framework/src/Illuminate/Container/BoundMethod.php(96): Illuminate/Container/Util::unwrapIfClosure()
#56 C:/Users/amaya/OneDrive/Documentos/ferreteria-abrinal-web/v2-laravel/vendor/laravel/framework/src/Illuminate/Container/BoundMethod.php(35): Illuminate/Container/BoundMethod::callBoundMethod()
#57 C:/Users/amaya/OneDrive/Documentos/ferreteria-abrinal-web/v2-laravel/vendor/laravel/framework/src/Illuminate/Container/Container.php(799): Illuminate/Container/BoundMethod::call()
#58 C:/Users/amaya/OneDrive/Documentos/ferreteria-abrinal-web/v2-laravel/vendor/laravel/framework/src/Illuminate/Console/Command.php(211): Illuminate/Container/Container->call()
#59 C:/Users/amaya/OneDrive/Documentos/ferreteria-abrinal-web/v2-laravel/vendor/symfony/console/Command/Command.php(341): Illuminate/Console/Command->execute()
#60 C:/Users/amaya/OneDrive/Documentos/ferreteria-abrinal-web/v2-laravel/vendor/laravel/framework/src/Illuminate/Console/Command.php(180): Symfony/Component/Console/Command/Command->run()
#61 C:/Users/amaya/OneDrive/Documentos/ferreteria-abrinal-web/v2-laravel/vendor/symfony/console/Application.php(1102): Illuminate/Console/Command->run()
#62 C:/Users/amaya/OneDrive/Documentos/ferreteria-abrinal-web/v2-laravel/vendor/symfony/console/Application.php(356): Symfony/Component/Console/Application->doRunCommand()
#63 C:/Users/amaya/OneDrive/Documentos/ferreteria-abrinal-web/v2-laravel/vendor/symfony/console/Application.php(195): Symfony/Component/Console/Application->doRun()
#64 C:/Users/amaya/OneDrive/Documentos/ferreteria-abrinal-web/v2-laravel/vendor/laravel/framework/src/Illuminate/Foundation/Console/Kernel.php(198): Symfony/Component/Console/Application->run()
#65 C:/Users/amaya/OneDrive/Documentos/ferreteria-abrinal-web/v2-laravel/vendor/laravel/framework/src/Illuminate/Foundation/Application.php(1235): Illuminate/Foundation/Console/Kernel->handle()
#66 C:/Users/amaya/OneDrive/Documentos/ferreteria-abrinal-web/v2-laravel/artisan(12): Illuminate/Foundation/Application->handleCommand()
#67 {main}
"} 
[2026-02-23 15:06:52] local.ERROR: PHP Parse error: Syntax error, unexpected '@', expecting ')' on line 1 {"exception":"[object] (Psy\\Exception\\ParseErrorException(code: 0): PHP Parse error: Syntax error, unexpected '@', expecting ')' on line 1 at C:/Users/amaya/OneDrive/Documentos/ferreteria-abrinal-web/v2-laravel/vendor/psy/psysh/src/Exception/ParseErrorException.php:44)
[stacktrace]
#0 C:/Users/amaya/OneDrive/Documentos/ferreteria-abrinal-web/v2-laravel/vendor/psy/psysh/src/CodeCleaner.php(488): Psy/Exception/ParseErrorException::fromParseError()
#1 C:/Users/amaya/OneDrive/Documentos/ferreteria-abrinal-web/v2-laravel/vendor/psy/psysh/src/CodeCleaner.php(269): Psy/CodeCleaner->parse()
#2 C:/Users/amaya/OneDrive/Documentos/ferreteria-abrinal-web/v2-laravel/vendor/psy/psysh/src/Shell.php(1059): Psy/CodeCleaner->clean()
#3 C:/Users/amaya/OneDrive/Documentos/ferreteria-abrinal-web/v2-laravel/vendor/psy/psysh/src/Shell.php(1092): Psy/Shell->addCode()
#4 C:/Users/amaya/OneDrive/Documentos/ferreteria-abrinal-web/v2-laravel/vendor/psy/psysh/src/Shell.php(1640): Psy/Shell->setCode()
#5 C:/Users/amaya/OneDrive/Documentos/ferreteria-abrinal-web/v2-laravel/vendor/laravel/tinker/src/Console/TinkerCommand.php(77): Psy/Shell->execute()
#6 C:/Users/amaya/OneDrive/Documentos/ferreteria-abrinal-web/v2-laravel/vendor/laravel/framework/src/Illuminate/Container/BoundMethod.php(36): Laravel/Tinker/Console/TinkerCommand->handle()
#7 C:/Users/amaya/OneDrive/Documentos/ferreteria-abrinal-web/v2-laravel/vendor/laravel/framework/src/Illuminate/Container/Util.php(43): Illuminate/Container/BoundMethod::{closure:Illuminate/Container/BoundMethod::call():35}()
#8 C:/Users/amaya/OneDrive/Documentos/ferreteria-abrinal-web/v2-laravel/vendor/laravel/framework/src/Illuminate/Container/BoundMethod.php(96): Illuminate/Container/Util::unwrapIfClosure()
#9 C:/Users/amaya/OneDrive/Documentos/ferreteria-abrinal-web/v2-laravel/vendor/laravel/framework/src/Illuminate/Container/BoundMethod.php(35): Illuminate/Container/BoundMethod::callBoundMethod()
#10 C:/Users/amaya/OneDrive/Documentos/ferreteria-abrinal-web/v2-laravel/vendor/laravel/framework/src/Illuminate/Container/Container.php(799): Illuminate/Container/BoundMethod::call()
#11 C:/Users/amaya/OneDrive/Documentos/ferreteria-abrinal-web/v2-laravel/vendor/laravel/framework/src/Illuminate/Console/Command.php(211): Illuminate/Container/Container->call()
#12 C:/Users/amaya/OneDrive/Documentos/ferreteria-abrinal-web/v2-laravel/vendor/symfony/console/Command/Command.php(341): Illuminate/Console/Command->execute()
#13 C:/Users/amaya/OneDrive/Documentos/ferreteria-abrinal-web/v2-laravel/vendor/laravel/framework/src/Illuminate/Console/Command.php(180): Symfony/Component/Console/Command/Command->run()
#14 C:/Users/amaya/OneDrive/Documentos/ferreteria-abrinal-web/v2-laravel/vendor/symfony/console/Application.php(1102): Illuminate/Console/Command->run()
#15 C:/Users/amaya/OneDrive/Documentos/ferreteria-abrinal-web/v2-laravel/vendor/symfony/console/Application.php(356): Symfony/Component/Console/Application->doRunCommand()
#16 C:/Users/amaya/OneDrive/Documentos/ferreteria-abrinal-web/v2-laravel/vendor/symfony/console/Application.php(195): Symfony/Component/Console/Application->doRun()
#17 C:/Users/amaya/OneDrive/Documentos/ferreteria-abrinal-web/v2-laravel/vendor/laravel/framework/src/Illuminate/Foundation/Console/Kernel.php(198): Symfony/Component/Console/Application->run()
#18 C:/Users/amaya/OneDrive/Documentos/ferreteria-abrinal-web/v2-laravel/vendor/laravel/framework/src/Illuminate/Foundation/Application.php(1235): Illuminate/Foundation/Console/Kernel->handle()
#19 C:/Users/amaya/OneDrive/Documentos/ferreteria-abrinal-web/v2-laravel/artisan(12): Illuminate/Foundation/Application->handleCommand()
#20 {main}
"} 
[2026-02-23 15:08:03] local.ERROR: PHP Parse error: Syntax error, unexpected '@', expecting ')' on line 1 {"exception":"[object] (Psy\\Exception\\ParseErrorException(code: 0): PHP Parse error: Syntax error, unexpected '@', expecting ')' on line 1 at C:/Users/amaya/OneDrive/Documentos/ferreteria-abrinal-web/v2-laravel/vendor/psy/psysh/src/Exception/ParseErrorException.php:44)
[stacktrace]
#0 C:/Users/amaya/OneDrive/Documentos/ferreteria-abrinal-web/v2-laravel/vendor/psy/psysh/src/CodeCleaner.php(488): Psy/Exception/ParseErrorException::fromParseError()
#1 C:/Users/amaya/OneDrive/Documentos/ferreteria-abrinal-web/v2-laravel/vendor/psy/psysh/src/CodeCleaner.php(269): Psy/CodeCleaner->parse()
#2 C:/Users/amaya/OneDrive/Documentos/ferreteria-abrinal-web/v2-laravel/vendor/psy/psysh/src/Shell.php(1059): Psy/CodeCleaner->clean()
#3 C:/Users/amaya/OneDrive/Documentos/ferreteria-abrinal-web/v2-laravel/vendor/psy/psysh/src/Shell.php(1092): Psy/Shell->addCode()
#4 C:/Users/amaya/OneDrive/Documentos/ferreteria-abrinal-web/v2-laravel/vendor/psy/psysh/src/Shell.php(1640): Psy/Shell->setCode()
#5 C:/Users/amaya/OneDrive/Documentos/ferreteria-abrinal-web/v2-laravel/vendor/laravel/tinker/src/Console/TinkerCommand.php(77): Psy/Shell->execute()
#6 C:/Users/amaya/OneDrive/Documentos/ferreteria-abrinal-web/v2-laravel/vendor/laravel/framework/src/Illuminate/Container/BoundMethod.php(36): Laravel/Tinker/Console/TinkerCommand->handle()
#7 C:/Users/amaya/OneDrive/Documentos/ferreteria-abrinal-web/v2-laravel/vendor/laravel/framework/src/Illuminate/Container/Util.php(43): Illuminate/Container/BoundMethod::{closure:Illuminate/Container/BoundMethod::call():35}()
#8 C:/Users/amaya/OneDrive/Documentos/ferreteria-abrinal-web/v2-laravel/vendor/laravel/framework/src/Illuminate/Container/BoundMethod.php(96): Illuminate/Container/Util::unwrapIfClosure()
#9 C:/Users/amaya/OneDrive/Documentos/ferreteria-abrinal-web/v2-laravel/vendor/laravel/framework/src/Illuminate/Container/BoundMethod.php(35): Illuminate/Container/BoundMethod::callBoundMethod()
#10 C:/Users/amaya/OneDrive/Documentos/ferreteria-abrinal-web/v2-laravel/vendor/laravel/framework/src/Illuminate/Container/Container.php(799): Illuminate/Container/BoundMethod::call()
#11 C:/Users/amaya/OneDrive/Documentos/ferreteria-abrinal-web/v2-laravel/vendor/laravel/framework/src/Illuminate/Console/Command.php(211): Illuminate/Container/Container->call()
#12 C:/Users/amaya/OneDrive/Documentos/ferreteria-abrinal-web/v2-laravel/vendor/symfony/console/Command/Command.php(341): Illuminate/Console/Command->execute()
#13 C:/Users/amaya/OneDrive/Documentos/ferreteria-abrinal-web/v2-laravel/vendor/laravel/framework/src/Illuminate/Console/Command.php(180): Symfony/Component/Console/Command/Command->run()
#14 C:/Users/amaya/OneDrive/Documentos/ferreteria-abrinal-web/v2-laravel/vendor/symfony/console/Application.php(1102): Illuminate/Console/Command->run()
#15 C:/Users/amaya/OneDrive/Documentos/ferreteria-abrinal-web/v2-laravel/vendor/symfony/console/Application.php(356): Symfony/Component/Console/Application->doRunCommand()
#16 C:/Users/amaya/OneDrive/Documentos/ferreteria-abrinal-web/v2-laravel/vendor/symfony/console/Application.php(195): Symfony/Component/Console/Application->doRun()
#17 C:/Users/amaya/OneDrive/Documentos/ferreteria-abrinal-web/v2-laravel/vendor/laravel/framework/src/Illuminate/Foundation/Console/Kernel.php(198): Symfony/Component/Console/Application->run()
#18 C:/Users/amaya/OneDrive/Documentos/ferreteria-abrinal-web/v2-laravel/vendor/laravel/framework/src/Illuminate/Foundation/Application.php(1235): Illuminate/Foundation/Console/Kernel->handle()
#19 C:/Users/amaya/OneDrive/Documentos/ferreteria-abrinal-web/v2-laravel/artisan(12): Illuminate/Foundation/Application->handleCommand()
#20 {main}
"} 
[2026-02-23 21:01:05] local.ERROR: Maximum execution time of 30 seconds exceeded {"exception":"[object] (Symfony\\Component\\ErrorHandler\\Error\\FatalError(code: 0): Maximum execution time of 30 seconds exceeded at C:/Users/amaya/OneDrive/Documentos/ferreteria-abrinal-web/v2-laravel/vendor/composer/ClassLoader.php:429)
[stacktrace]
#0 {main}
"} 
[2026-02-23 21:01:12] local.ERROR: Target class [view] does not exist. {"exception":"[object] (Illuminate\\Contracts\\Container\\BindingResolutionException(code: 0): Target class [view] does not exist. at C:/Users/amaya/OneDrive/Documentos/ferreteria-abrinal-web/v2-laravel/vendor/laravel/framework/src/Illuminate/Container/Container.php:1124)
[stacktrace]
#0 C:/Users/amaya/OneDrive/Documentos/ferreteria-abrinal-web/v2-laravel/vendor/laravel/framework/src/Illuminate/Container/Container.php(933): Illuminate/Container/Container->build()
#1 C:/Users/amaya/OneDrive/Documentos/ferreteria-abrinal-web/v2-laravel/vendor/laravel/framework/src/Illuminate/Foundation/Application.php(1078): Illuminate/Container/Container->resolve()
#2 C:/Users/amaya/OneDrive/Documentos/ferreteria-abrinal-web/v2-laravel/vendor/laravel/framework/src/Illuminate/Container/Container.php(864): Illuminate/Foundation/Application->resolve()
#3 C:/Users/amaya/OneDrive/Documentos/ferreteria-abrinal-web/v2-laravel/vendor/laravel/framework/src/Illuminate/Foundation/Application.php(1058): Illuminate/Container/Container->make()
#4 C:/Users/amaya/OneDrive/Documentos/ferreteria-abrinal-web/v2-laravel/vendor/laravel/framework/src/Illuminate/Container/Container.php(1805): Illuminate/Foundation/Application->make()
#5 C:/Users/amaya/OneDrive/Documentos/ferreteria-abrinal-web/v2-laravel/vendor/laravel/framework/src/Illuminate/Routing/RoutingServiceProvider.php(177): Illuminate/Container/Container->offsetGet()
#6 C:/Users/amaya/OneDrive/Documentos/ferreteria-abrinal-web/v2-laravel/vendor/laravel/framework/src/Illuminate/Container/Container.php(1115): Illuminate/Routing/RoutingServiceProvider->{closure:Illuminate/Routing/RoutingServiceProvider::registerResponseFactory():176}()
#7 C:/Users/amaya/OneDrive/Documentos/ferreteria-abrinal-web/v2-laravel/vendor/laravel/framework/src/Illuminate/Container/Container.php(933): Illuminate/Container/Container->build()
#8 C:/Users/amaya/OneDrive/Documentos/ferreteria-abrinal-web/v2-laravel/vendor/laravel/framework/src/Illuminate/Foundation/Application.php(1078): Illuminate/Container/Container->resolve()
#9 C:/Users/amaya/OneDrive/Documentos/ferreteria-abrinal-web/v2-laravel/vendor/laravel/framework/src/Illuminate/Container/Container.php(864): Illuminate/Foundation/Application->resolve()
#10 C:/Users/amaya/OneDrive/Documentos/ferreteria-abrinal-web/v2-laravel/vendor/laravel/framework/src/Illuminate/Foundation/Application.php(1058): Illuminate/Container/Container->make()
#11 C:/Users/amaya/OneDrive/Documentos/ferreteria-abrinal-web/v2-laravel/vendor/laravel/framework/src/Illuminate/Foundation/helpers.php(138): Illuminate/Foundation/Application->make()
#12 C:/Users/amaya/OneDrive/Documentos/ferreteria-abrinal-web/v2-laravel/vendor/laravel/framework/src/Illuminate/Foundation/helpers.php(850): app()
#13 C:/Users/amaya/OneDrive/Documentos/ferreteria-abrinal-web/v2-laravel/vendor/laravel/framework/src/Illuminate/Foundation/Exceptions/Handler.php(987): response()
#14 C:/Users/amaya/OneDrive/Documentos/ferreteria-abrinal-web/v2-laravel/vendor/laravel/framework/src/Illuminate/Foundation/Exceptions/Handler.php(839): Illuminate/Foundation/Exceptions/Handler->toIlluminateResponse()
#15 C:/Users/amaya/OneDrive/Documentos/ferreteria-abrinal-web/v2-laravel/vendor/laravel/framework/src/Illuminate/Foundation/Exceptions/Handler.php(738): Illuminate/Foundation/Exceptions/Handler->prepareResponse()
#16 C:/Users/amaya/OneDrive/Documentos/ferreteria-abrinal-web/v2-laravel/vendor/laravel/framework/src/Illuminate/Foundation/Exceptions/Handler.php(626): Illuminate/Foundation/Exceptions/Handler->renderExceptionResponse()
#17 C:/Users/amaya/OneDrive/Documentos/ferreteria-abrinal-web/v2-laravel/vendor/laravel/framework/src/Illuminate/Foundation/Bootstrap/HandleExceptions.php(221): Illuminate/Foundation/Exceptions/Handler->render()
#18 C:/Users/amaya/OneDrive/Documentos/ferreteria-abrinal-web/v2-laravel/vendor/laravel/framework/src/Illuminate/Foundation/Bootstrap/HandleExceptions.php(198): Illuminate/Foundation/Bootstrap/HandleExceptions->renderHttpResponse()
#19 C:/Users/amaya/OneDrive/Documentos/ferreteria-abrinal-web/v2-laravel/vendor/laravel/framework/src/Illuminate/Foundation/Bootstrap/HandleExceptions.php(234): Illuminate/Foundation/Bootstrap/HandleExceptions->handleException()
#20 C:/Users/amaya/OneDrive/Documentos/ferreteria-abrinal-web/v2-laravel/vendor/laravel/framework/src/Illuminate/Foundation/Bootstrap/HandleExceptions.php(258): Illuminate/Foundation/Bootstrap/HandleExceptions->handleShutdown()
#21 [internal function]: Illuminate/Foundation/Bootstrap/HandleExceptions->{closure:Illuminate/Foundation/Bootstrap/HandleExceptions::forwardsTo():257}()
#22 {main}

[previous exception] [object] (ReflectionException(code: -1): Class \"view\" does not exist at C:/Users/amaya/OneDrive/Documentos/ferreteria-abrinal-web/v2-laravel/vendor/laravel/framework/src/Illuminate/Container/Container.php:1122)
[stacktrace]
#0 C:/Users/amaya/OneDrive/Documentos/ferreteria-abrinal-web/v2-laravel/vendor/laravel/framework/src/Illuminate/Container/Container.php(1122): ReflectionClass->__construct()
#1 C:/Users/amaya/OneDrive/Documentos/ferreteria-abrinal-web/v2-laravel/vendor/laravel/framework/src/Illuminate/Container/Container.php(933): Illuminate/Container/Container->build()
#2 C:/Users/amaya/OneDrive/Documentos/ferreteria-abrinal-web/v2-laravel/vendor/laravel/framework/src/Illuminate/Foundation/Application.php(1078): Illuminate/Container/Container->resolve()
#3 C:/Users/amaya/OneDrive/Documentos/ferreteria-abrinal-web/v2-laravel/vendor/laravel/framework/src/Illuminate/Container/Container.php(864): Illuminate/Foundation/Application->resolve()
#4 C:/Users/amaya/OneDrive/Documentos/ferreteria-abrinal-web/v2-laravel/vendor/laravel/framework/src/Illuminate/Foundation/Application.php(1058): Illuminate/Container/Container->make()
#5 C:/Users/amaya/OneDrive/Documentos/ferreteria-abrinal-web/v2-laravel/vendor/laravel/framework/src/Illuminate/Container/Container.php(1805): Illuminate/Foundation/Application->make()
#6 C:/Users/amaya/OneDrive/Documentos/ferreteria-abrinal-web/v2-laravel/vendor/laravel/framework/src/Illuminate/Routing/RoutingServiceProvider.php(177): Illuminate/Container/Container->offsetGet()
#7 C:/Users/amaya/OneDrive/Documentos/ferreteria-abrinal-web/v2-laravel/vendor/laravel/framework/src/Illuminate/Container/Container.php(1115): Illuminate/Routing/RoutingServiceProvider->{closure:Illuminate/Routing/RoutingServiceProvider::registerResponseFactory():176}()
#8 C:/Users/amaya/OneDrive/Documentos/ferreteria-abrinal-web/v2-laravel/vendor/laravel/framework/src/Illuminate/Container/Container.php(933): Illuminate/Container/Container->build()
#9 C:/Users/amaya/OneDrive/Documentos/ferreteria-abrinal-web/v2-laravel/vendor/laravel/framework/src/Illuminate/Foundation/Application.php(1078): Illuminate/Container/Container->resolve()
#10 C:/Users/amaya/OneDrive/Documentos/ferreteria-abrinal-web/v2-laravel/vendor/laravel/framework/src/Illuminate/Container/Container.php(864): Illuminate/Foundation/Application->resolve()
#11 C:/Users/amaya/OneDrive/Documentos/ferreteria-abrinal-web/v2-laravel/vendor/laravel/framework/src/Illuminate/Foundation/Application.php(1058): Illuminate/Container/Container->make()
#12 C:/Users/amaya/OneDrive/Documentos/ferreteria-abrinal-web/v2-laravel/vendor/laravel/framework/src/Illuminate/Foundation/helpers.php(138): Illuminate/Foundation/Application->make()
#13 C:/Users/amaya/OneDrive/Documentos/ferreteria-abrinal-web/v2-laravel/vendor/laravel/framework/src/Illuminate/Foundation/helpers.php(850): app()
#14 C:/Users/amaya/OneDrive/Documentos/ferreteria-abrinal-web/v2-laravel/vendor/laravel/framework/src/Illuminate/Foundation/Exceptions/Handler.php(987): response()
#15 C:/Users/amaya/OneDrive/Documentos/ferreteria-abrinal-web/v2-laravel/vendor/laravel/framework/src/Illuminate/Foundation/Exceptions/Handler.php(839): Illuminate/Foundation/Exceptions/Handler->toIlluminateResponse()
#16 C:/Users/amaya/OneDrive/Documentos/ferreteria-abrinal-web/v2-laravel/vendor/laravel/framework/src/Illuminate/Foundation/Exceptions/Handler.php(738): Illuminate/Foundation/Exceptions/Handler->prepareResponse()
#17 C:/Users/amaya/OneDrive/Documentos/ferreteria-abrinal-web/v2-laravel/vendor/laravel/framework/src/Illuminate/Foundation/Exceptions/Handler.php(626): Illuminate/Foundation/Exceptions/Handler->renderExceptionResponse()
#18 C:/Users/amaya/OneDrive/Documentos/ferreteria-abrinal-web/v2-laravel/vendor/laravel/framework/src/Illuminate/Foundation/Bootstrap/HandleExceptions.php(221): Illuminate/Foundation/Exceptions/Handler->render()
#19 C:/Users/amaya/OneDrive/Documentos/ferreteria-abrinal-web/v2-laravel/vendor/laravel/framework/src/Illuminate/Foundation/Bootstrap/HandleExceptions.php(198): Illuminate/Foundation/Bootstrap/HandleExceptions->renderHttpResponse()
#20 C:/Users/amaya/OneDrive/Documentos/ferreteria-abrinal-web/v2-laravel/vendor/laravel/framework/src/Illuminate/Foundation/Bootstrap/HandleExceptions.php(234): Illuminate/Foundation/Bootstrap/HandleExceptions->handleException()
#21 C:/Users/amaya/OneDrive/Documentos/ferreteria-abrinal-web/v2-laravel/vendor/laravel/framework/src/Illuminate/Foundation/Bootstrap/HandleExceptions.php(258): Illuminate/Foundation/Bootstrap/HandleExceptions->handleShutdown()
#22 [internal function]: Illuminate/Foundation/Bootstrap/HandleExceptions->{closure:Illuminate/Foundation/Bootstrap/HandleExceptions::forwardsTo():257}()
#23 {main}
"} 
[2026-02-23 21:01:43] local.ERROR: Maximum execution time of 30 seconds exceeded {"exception":"[object] (Symfony\\Component\\ErrorHandler\\Error\\FatalError(code: 0): Maximum execution time of 30 seconds exceeded at C:/Users/amaya/OneDrive/Documentos/ferreteria-abrinal-web/v2-laravel/vendor/composer/ClassLoader.php:429)
[stacktrace]
#0 {main}
"} 
[2026-02-24 09:55:19] local.ERROR: The C:\Users\amaya\OneDrive\Documentos\ferreteria-abrinal-web\v2-laravel\bootstrap\cache directory must be present and writable. {"exception":"[object] (Exception(code: 0): The C:\\Users\\amaya\\OneDrive\\Documentos\\ferreteria-abrinal-web\\v2-laravel\\bootstrap\\cache directory must be present and writable. at C:/Users/amaya/OneDrive/Documentos/ferreteria-abrinal-web/v2-laravel/vendor/laravel/framework/src/Illuminate/Foundation/PackageManifest.php:179)
[stacktrace]
#0 C:/Users/amaya/OneDrive/Documentos/ferreteria-abrinal-web/v2-laravel/vendor/laravel/framework/src/Illuminate/Foundation/PackageManifest.php(132): Illuminate/Foundation/PackageManifest->write()
#1 C:/Users/amaya/OneDrive/Documentos/ferreteria-abrinal-web/v2-laravel/vendor/laravel/framework/src/Illuminate/Foundation/PackageManifest.php(108): Illuminate/Foundation/PackageManifest->build()
#2 C:/Users/amaya/OneDrive/Documentos/ferreteria-abrinal-web/v2-laravel/vendor/laravel/framework/src/Illuminate/Foundation/PackageManifest.php(90): Illuminate/Foundation/PackageManifest->getManifest()
#3 C:/Users/amaya/OneDrive/Documentos/ferreteria-abrinal-web/v2-laravel/vendor/laravel/framework/src/Illuminate/Foundation/PackageManifest.php(79): Illuminate/Foundation/PackageManifest->config()
#4 C:/Users/amaya/OneDrive/Documentos/ferreteria-abrinal-web/v2-laravel/vendor/laravel/framework/src/Illuminate/Foundation/Bootstrap/RegisterFacades.php(26): Illuminate/Foundation/PackageManifest->aliases()
#5 C:/Users/amaya/OneDrive/Documentos/ferreteria-abrinal-web/v2-laravel/vendor/laravel/framework/src/Illuminate/Foundation/Application.php(342): Illuminate/Foundation/Bootstrap/RegisterFacades->bootstrap()
#6 C:/Users/amaya/OneDrive/Documentos/ferreteria-abrinal-web/v2-laravel/vendor/laravel/framework/src/Illuminate/Foundation/Console/Kernel.php(494): Illuminate/Foundation/Application->bootstrapWith()
#7 C:/Users/amaya/OneDrive/Documentos/ferreteria-abrinal-web/v2-laravel/vendor/laravel/framework/src/Illuminate/Foundation/Console/Kernel.php(196): Illuminate/Foundation/Console/Kernel->bootstrap()
#8 C:/Users/amaya/OneDrive/Documentos/ferreteria-abrinal-web/v2-laravel/vendor/laravel/framework/src/Illuminate/Foundation/Application.php(1235): Illuminate/Foundation/Console/Kernel->handle()
#9 C:/Users/amaya/OneDrive/Documentos/ferreteria-abrinal-web/v2-laravel/artisan(12): Illuminate/Foundation/Application->handleCommand()
#10 {main}
"} 
[2026-02-24 09:55:33] local.ERROR: The C:\Users\amaya\OneDrive\Documentos\ferreteria-abrinal-web\v2-laravel\bootstrap\cache directory must be present and writable. {"exception":"[object] (Exception(code: 0): The C:\\Users\\amaya\\OneDrive\\Documentos\\ferreteria-abrinal-web\\v2-laravel\\bootstrap\\cache directory must be present and writable. at C:/Users/amaya/OneDrive/Documentos/ferreteria-abrinal-web/v2-laravel/vendor/laravel/framework/src/Illuminate/Foundation/PackageManifest.php:179)
[stacktrace]
#0 C:/Users/amaya/OneDrive/Documentos/ferreteria-abrinal-web/v2-laravel/vendor/laravel/framework/src/Illuminate/Foundation/PackageManifest.php(132): Illuminate/Foundation/PackageManifest->write()
#1 C:/Users/amaya/OneDrive/Documentos/ferreteria-abrinal-web/v2-laravel/vendor/laravel/framework/src/Illuminate/Foundation/PackageManifest.php(108): Illuminate/Foundation/PackageManifest->build()
#2 C:/Users/amaya/OneDrive/Documentos/ferreteria-abrinal-web/v2-laravel/vendor/laravel/framework/src/Illuminate/Foundation/PackageManifest.php(90): Illuminate/Foundation/PackageManifest->getManifest()
#3 C:/Users/amaya/OneDrive/Documentos/ferreteria-abrinal-web/v2-laravel/vendor/laravel/framework/src/Illuminate/Foundation/PackageManifest.php(79): Illuminate/Foundation/PackageManifest->config()
#4 C:/Users/amaya/OneDrive/Documentos/ferreteria-abrinal-web/v2-laravel/vendor/laravel/framework/src/Illuminate/Foundation/Bootstrap/RegisterFacades.php(26): Illuminate/Foundation/PackageManifest->aliases()
#5 C:/Users/amaya/OneDrive/Documentos/ferreteria-abrinal-web/v2-laravel/vendor/laravel/framework/src/Illuminate/Foundation/Application.php(342): Illuminate/Foundation/Bootstrap/RegisterFacades->bootstrap()
#6 C:/Users/amaya/OneDrive/Documentos/ferreteria-abrinal-web/v2-laravel/vendor/laravel/framework/src/Illuminate/Foundation/Console/Kernel.php(494): Illuminate/Foundation/Application->bootstrapWith()
#7 C:/Users/amaya/OneDrive/Documentos/ferreteria-abrinal-web/v2-laravel/vendor/laravel/framework/src/Illuminate/Foundation/Console/Kernel.php(196): Illuminate/Foundation/Console/Kernel->bootstrap()
#8 C:/Users/amaya/OneDrive/Documentos/ferreteria-abrinal-web/v2-laravel/vendor/laravel/framework/src/Illuminate/Foundation/Application.php(1235): Illuminate/Foundation/Console/Kernel->handle()
#9 C:/Users/amaya/OneDrive/Documentos/ferreteria-abrinal-web/v2-laravel/artisan(12): Illuminate/Foundation/Application->handleCommand()
#10 {main}
"} 
[2026-02-24 09:55:37] local.ERROR: The C:\Users\amaya\OneDrive\Documentos\ferreteria-abrinal-web\v2-laravel\bootstrap\cache directory must be present and writable. {"exception":"[object] (Exception(code: 0): The C:\\Users\\amaya\\OneDrive\\Documentos\\ferreteria-abrinal-web\\v2-laravel\\bootstrap\\cache directory must be present and writable. at C:/Users/amaya/OneDrive/Documentos/ferreteria-abrinal-web/v2-laravel/vendor/laravel/framework/src/Illuminate/Foundation/PackageManifest.php:179)
[stacktrace]
#0 C:/Users/amaya/OneDrive/Documentos/ferreteria-abrinal-web/v2-laravel/vendor/laravel/framework/src/Illuminate/Foundation/PackageManifest.php(132): Illuminate/Foundation/PackageManifest->write()
#1 C:/Users/amaya/OneDrive/Documentos/ferreteria-abrinal-web/v2-laravel/vendor/laravel/framework/src/Illuminate/Foundation/PackageManifest.php(108): Illuminate/Foundation/PackageManifest->build()
#2 C:/Users/amaya/OneDrive/Documentos/ferreteria-abrinal-web/v2-laravel/vendor/laravel/framework/src/Illuminate/Foundation/PackageManifest.php(90): Illuminate/Foundation/PackageManifest->getManifest()
#3 C:/Users/amaya/OneDrive/Documentos/ferreteria-abrinal-web/v2-laravel/vendor/laravel/framework/src/Illuminate/Foundation/PackageManifest.php(79): Illuminate/Foundation/PackageManifest->config()
#4 C:/Users/amaya/OneDrive/Documentos/ferreteria-abrinal-web/v2-laravel/vendor/laravel/framework/src/Illuminate/Foundation/Bootstrap/RegisterFacades.php(26): Illuminate/Foundation/PackageManifest->aliases()
#5 C:/Users/amaya/OneDrive/Documentos/ferreteria-abrinal-web/v2-laravel/vendor/laravel/framework/src/Illuminate/Foundation/Application.php(342): Illuminate/Foundation/Bootstrap/RegisterFacades->bootstrap()
#6 C:/Users/amaya/OneDrive/Documentos/ferreteria-abrinal-web/v2-laravel/vendor/laravel/framework/src/Illuminate/Foundation/Console/Kernel.php(494): Illuminate/Foundation/Application->bootstrapWith()
#7 C:/Users/amaya/OneDrive/Documentos/ferreteria-abrinal-web/v2-laravel/vendor/laravel/framework/src/Illuminate/Foundation/Console/Kernel.php(196): Illuminate/Foundation/Console/Kernel->bootstrap()
#8 C:/Users/amaya/OneDrive/Documentos/ferreteria-abrinal-web/v2-laravel/vendor/laravel/framework/src/Illuminate/Foundation/Application.php(1235): Illuminate/Foundation/Console/Kernel->handle()
#9 C:/Users/amaya/OneDrive/Documentos/ferreteria-abrinal-web/v2-laravel/artisan(12): Illuminate/Foundation/Application->handleCommand()
#10 {main}
"} 
[2026-02-24 09:58:05] local.ERROR: The C:\Users\amaya\OneDrive\Documentos\ferreteria-abrinal-web\v2-laravel\bootstrap\cache directory must be present and writable. {"exception":"[object] (Exception(code: 0): The C:\\Users\\amaya\\OneDrive\\Documentos\\ferreteria-abrinal-web\\v2-laravel\\bootstrap\\cache directory must be present and writable. at C:/Users/amaya/OneDrive/Documentos/ferreteria-abrinal-web/v2-laravel/vendor/laravel/framework/src/Illuminate/Foundation/PackageManifest.php:179)
[stacktrace]
#0 C:/Users/amaya/OneDrive/Documentos/ferreteria-abrinal-web/v2-laravel/vendor/laravel/framework/src/Illuminate/Foundation/PackageManifest.php(132): Illuminate/Foundation/PackageManifest->write()
#1 C:/Users/amaya/OneDrive/Documentos/ferreteria-abrinal-web/v2-laravel/vendor/laravel/framework/src/Illuminate/Foundation/PackageManifest.php(108): Illuminate/Foundation/PackageManifest->build()
#2 C:/Users/amaya/OneDrive/Documentos/ferreteria-abrinal-web/v2-laravel/vendor/laravel/framework/src/Illuminate/Foundation/PackageManifest.php(90): Illuminate/Foundation/PackageManifest->getManifest()
#3 C:/Users/amaya/OneDrive/Documentos/ferreteria-abrinal-web/v2-laravel/vendor/laravel/framework/src/Illuminate/Foundation/PackageManifest.php(79): Illuminate/Foundation/PackageManifest->config()
#4 C:/Users/amaya/OneDrive/Documentos/ferreteria-abrinal-web/v2-laravel/vendor/laravel/framework/src/Illuminate/Foundation/Bootstrap/RegisterFacades.php(26): Illuminate/Foundation/PackageManifest->aliases()
#5 C:/Users/amaya/OneDrive/Documentos/ferreteria-abrinal-web/v2-laravel/vendor/laravel/framework/src/Illuminate/Foundation/Application.php(342): Illuminate/Foundation/Bootstrap/RegisterFacades->bootstrap()
#6 C:/Users/amaya/OneDrive/Documentos/ferreteria-abrinal-web/v2-laravel/vendor/laravel/framework/src/Illuminate/Foundation/Console/Kernel.php(494): Illuminate/Foundation/Application->bootstrapWith()
#7 C:/Users/amaya/OneDrive/Documentos/ferreteria-abrinal-web/v2-laravel/vendor/laravel/framework/src/Illuminate/Foundation/Console/Kernel.php(196): Illuminate/Foundation/Console/Kernel->bootstrap()
#8 C:/Users/amaya/OneDrive/Documentos/ferreteria-abrinal-web/v2-laravel/vendor/laravel/framework/src/Illuminate/Foundation/Application.php(1235): Illuminate/Foundation/Console/Kernel->handle()
#9 C:/Users/amaya/OneDrive/Documentos/ferreteria-abrinal-web/v2-laravel/artisan(12): Illuminate/Foundation/Application->handleCommand()
#10 {main}
"} 
[2026-02-24 13:32:44] local.ERROR: The C:\Users\amaya\OneDrive\Documentos\ferreteria-abrinal-web\v2-laravel\bootstrap\cache directory must be present and writable. {"exception":"[object] (Exception(code: 0): The C:\\Users\\amaya\\OneDrive\\Documentos\\ferreteria-abrinal-web\\v2-laravel\\bootstrap\\cache directory must be present and writable. at C:/Users/amaya/OneDrive/Documentos/ferreteria-abrinal-web/v2-laravel/vendor/laravel/framework/src/Illuminate/Foundation/PackageManifest.php:179)
[stacktrace]
#0 C:/Users/amaya/OneDrive/Documentos/ferreteria-abrinal-web/v2-laravel/vendor/laravel/framework/src/Illuminate/Foundation/PackageManifest.php(132): Illuminate/Foundation/PackageManifest->write()
#1 C:/Users/amaya/OneDrive/Documentos/ferreteria-abrinal-web/v2-laravel/vendor/laravel/framework/src/Illuminate/Foundation/PackageManifest.php(108): Illuminate/Foundation/PackageManifest->build()
#2 C:/Users/amaya/OneDrive/Documentos/ferreteria-abrinal-web/v2-laravel/vendor/laravel/framework/src/Illuminate/Foundation/PackageManifest.php(90): Illuminate/Foundation/PackageManifest->getManifest()
#3 C:/Users/amaya/OneDrive/Documentos/ferreteria-abrinal-web/v2-laravel/vendor/laravel/framework/src/Illuminate/Foundation/PackageManifest.php(79): Illuminate/Foundation/PackageManifest->config()
#4 C:/Users/amaya/OneDrive/Documentos/ferreteria-abrinal-web/v2-laravel/vendor/laravel/framework/src/Illuminate/Foundation/Bootstrap/RegisterFacades.php(26): Illuminate/Foundation/PackageManifest->aliases()
#5 C:/Users/amaya/OneDrive/Documentos/ferreteria-abrinal-web/v2-laravel/vendor/laravel/framework/src/Illuminate/Foundation/Application.php(342): Illuminate/Foundation/Bootstrap/RegisterFacades->bootstrap()
#6 C:/Users/amaya/OneDrive/Documentos/ferreteria-abrinal-web/v2-laravel/vendor/laravel/framework/src/Illuminate/Foundation/Console/Kernel.php(494): Illuminate/Foundation/Application->bootstrapWith()
#7 C:/Users/amaya/OneDrive/Documentos/ferreteria-abrinal-web/v2-laravel/vendor/laravel/framework/src/Illuminate/Foundation/Console/Kernel.php(196): Illuminate/Foundation/Console/Kernel->bootstrap()
#8 C:/Users/amaya/OneDrive/Documentos/ferreteria-abrinal-web/v2-laravel/vendor/laravel/framework/src/Illuminate/Foundation/Application.php(1235): Illuminate/Foundation/Console/Kernel->handle()
#9 C:/Users/amaya/OneDrive/Documentos/ferreteria-abrinal-web/v2-laravel/artisan(12): Illuminate/Foundation/Application->handleCommand()
#10 {main}
"} 
[2026-02-24 13:34:51] local.ERROR: The C:\Users\amaya\OneDrive\Documentos\ferreteria-abrinal-web\v2-laravel\bootstrap\cache directory must be present and writable. {"exception":"[object] (Exception(code: 0): The C:\\Users\\amaya\\OneDrive\\Documentos\\ferreteria-abrinal-web\\v2-laravel\\bootstrap\\cache directory must be present and writable. at C:/Users/amaya/OneDrive/Documentos/ferreteria-abrinal-web/v2-laravel/vendor/laravel/framework/src/Illuminate/Foundation/PackageManifest.php:179)
[stacktrace]
#0 C:/Users/amaya/OneDrive/Documentos/ferreteria-abrinal-web/v2-laravel/vendor/laravel/framework/src/Illuminate/Foundation/PackageManifest.php(132): Illuminate/Foundation/PackageManifest->write()
#1 C:/Users/amaya/OneDrive/Documentos/ferreteria-abrinal-web/v2-laravel/vendor/laravel/framework/src/Illuminate/Foundation/PackageManifest.php(108): Illuminate/Foundation/PackageManifest->build()
#2 C:/Users/amaya/OneDrive/Documentos/ferreteria-abrinal-web/v2-laravel/vendor/laravel/framework/src/Illuminate/Foundation/PackageManifest.php(90): Illuminate/Foundation/PackageManifest->getManifest()
#3 C:/Users/amaya/OneDrive/Documentos/ferreteria-abrinal-web/v2-laravel/vendor/laravel/framework/src/Illuminate/Foundation/PackageManifest.php(79): Illuminate/Foundation/PackageManifest->config()
#4 C:/Users/amaya/OneDrive/Documentos/ferreteria-abrinal-web/v2-laravel/vendor/laravel/framework/src/Illuminate/Foundation/Bootstrap/RegisterFacades.php(26): Illuminate/Foundation/PackageManifest->aliases()
#5 C:/Users/amaya/OneDrive/Documentos/ferreteria-abrinal-web/v2-laravel/vendor/laravel/framework/src/Illuminate/Foundation/Application.php(342): Illuminate/Foundation/Bootstrap/RegisterFacades->bootstrap()
#6 C:/Users/amaya/OneDrive/Documentos/ferreteria-abrinal-web/v2-laravel/vendor/laravel/framework/src/Illuminate/Foundation/Console/Kernel.php(494): Illuminate/Foundation/Application->bootstrapWith()
#7 C:/Users/amaya/OneDrive/Documentos/ferreteria-abrinal-web/v2-laravel/vendor/laravel/framework/src/Illuminate/Foundation/Console/Kernel.php(196): Illuminate/Foundation/Console/Kernel->bootstrap()
#8 C:/Users/amaya/OneDrive/Documentos/ferreteria-abrinal-web/v2-laravel/vendor/laravel/framework/src/Illuminate/Foundation/Application.php(1235): Illuminate/Foundation/Console/Kernel->handle()
#9 C:/Users/amaya/OneDrive/Documentos/ferreteria-abrinal-web/v2-laravel/artisan(12): Illuminate/Foundation/Application->handleCommand()
#10 {main}
"} 
[2026-02-24 13:36:16] local.ERROR: The C:\Users\amaya\OneDrive\Documentos\ferreteria-abrinal-web\v2-laravel\bootstrap\cache directory must be present and writable. {"exception":"[object] (Exception(code: 0): The C:\\Users\\amaya\\OneDrive\\Documentos\\ferreteria-abrinal-web\\v2-laravel\\bootstrap\\cache directory must be present and writable. at C:/Users/amaya/OneDrive/Documentos/ferreteria-abrinal-web/v2-laravel/vendor/laravel/framework/src/Illuminate/Foundation/PackageManifest.php:179)
[stacktrace]
#0 C:/Users/amaya/OneDrive/Documentos/ferreteria-abrinal-web/v2-laravel/vendor/laravel/framework/src/Illuminate/Foundation/PackageManifest.php(132): Illuminate/Foundation/PackageManifest->write()
#1 C:/Users/amaya/OneDrive/Documentos/ferreteria-abrinal-web/v2-laravel/vendor/laravel/framework/src/Illuminate/Foundation/PackageManifest.php(108): Illuminate/Foundation/PackageManifest->build()
#2 C:/Users/amaya/OneDrive/Documentos/ferreteria-abrinal-web/v2-laravel/vendor/laravel/framework/src/Illuminate/Foundation/PackageManifest.php(90): Illuminate/Foundation/PackageManifest->getManifest()
#3 C:/Users/amaya/OneDrive/Documentos/ferreteria-abrinal-web/v2-laravel/vendor/laravel/framework/src/Illuminate/Foundation/PackageManifest.php(79): Illuminate/Foundation/PackageManifest->config()
#4 C:/Users/amaya/OneDrive/Documentos/ferreteria-abrinal-web/v2-laravel/vendor/laravel/framework/src/Illuminate/Foundation/Bootstrap/RegisterFacades.php(26): Illuminate/Foundation/PackageManifest->aliases()
#5 C:/Users/amaya/OneDrive/Documentos/ferreteria-abrinal-web/v2-laravel/vendor/laravel/framework/src/Illuminate/Foundation/Application.php(342): Illuminate/Foundation/Bootstrap/RegisterFacades->bootstrap()
#6 C:/Users/amaya/OneDrive/Documentos/ferreteria-abrinal-web/v2-laravel/vendor/laravel/framework/src/Illuminate/Foundation/Console/Kernel.php(494): Illuminate/Foundation/Application->bootstrapWith()
#7 C:/Users/amaya/OneDrive/Documentos/ferreteria-abrinal-web/v2-laravel/vendor/laravel/framework/src/Illuminate/Foundation/Console/Kernel.php(196): Illuminate/Foundation/Console/Kernel->bootstrap()
#8 C:/Users/amaya/OneDrive/Documentos/ferreteria-abrinal-web/v2-laravel/vendor/laravel/framework/src/Illuminate/Foundation/Application.php(1235): Illuminate/Foundation/Console/Kernel->handle()
#9 C:/Users/amaya/OneDrive/Documentos/ferreteria-abrinal-web/v2-laravel/artisan(12): Illuminate/Foundation/Application->handleCommand()
#10 {main}
"} 
[2026-02-24 22:33:10] local.ERROR: Maximum execution time of 30 seconds exceeded {"exception":"[object] (Symfony\\Component\\ErrorHandler\\Error\\FatalError(code: 0): Maximum execution time of 30 seconds exceeded at C:/Users/amaya/OneDrive/Documentos/ferreteria-abrinal-web/v2-laravel/vendor/composer/ClassLoader.php:429)
[stacktrace]
#0 {main}
"} 
[2026-02-24 22:33:15] local.ERROR: Target class [view] does not exist. {"exception":"[object] (Illuminate\\Contracts\\Container\\BindingResolutionException(code: 0): Target class [view] does not exist. at C:/Users/amaya/OneDrive/Documentos/ferreteria-abrinal-web/v2-laravel/vendor/laravel/framework/src/Illuminate/Container/Container.php:1124)
[stacktrace]
#0 C:/Users/amaya/OneDrive/Documentos/ferreteria-abrinal-web/v2-laravel/vendor/laravel/framework/src/Illuminate/Container/Container.php(933): Illuminate/Container/Container->build()
#1 C:/Users/amaya/OneDrive/Documentos/ferreteria-abrinal-web/v2-laravel/vendor/laravel/framework/src/Illuminate/Foundation/Application.php(1078): Illuminate/Container/Container->resolve()
#2 C:/Users/amaya/OneDrive/Documentos/ferreteria-abrinal-web/v2-laravel/vendor/laravel/framework/src/Illuminate/Container/Container.php(864): Illuminate/Foundation/Application->resolve()
#3 C:/Users/amaya/OneDrive/Documentos/ferreteria-abrinal-web/v2-laravel/vendor/laravel/framework/src/Illuminate/Foundation/Application.php(1058): Illuminate/Container/Container->make()
#4 C:/Users/amaya/OneDrive/Documentos/ferreteria-abrinal-web/v2-laravel/vendor/laravel/framework/src/Illuminate/Container/Container.php(1805): Illuminate/Foundation/Application->make()
#5 C:/Users/amaya/OneDrive/Documentos/ferreteria-abrinal-web/v2-laravel/vendor/laravel/framework/src/Illuminate/Routing/RoutingServiceProvider.php(177): Illuminate/Container/Container->offsetGet()
#6 C:/Users/amaya/OneDrive/Documentos/ferreteria-abrinal-web/v2-laravel/vendor/laravel/framework/src/Illuminate/Container/Container.php(1115): Illuminate/Routing/RoutingServiceProvider->{closure:Illuminate/Routing/RoutingServiceProvider::registerResponseFactory():176}()
#7 C:/Users/amaya/OneDrive/Documentos/ferreteria-abrinal-web/v2-laravel/vendor/laravel/framework/src/Illuminate/Container/Container.php(933): Illuminate/Container/Container->build()
#8 C:/Users/amaya/OneDrive/Documentos/ferreteria-abrinal-web/v2-laravel/vendor/laravel/framework/src/Illuminate/Foundation/Application.php(1078): Illuminate/Container/Container->resolve()
#9 C:/Users/amaya/OneDrive/Documentos/ferreteria-abrinal-web/v2-laravel/vendor/laravel/framework/src/Illuminate/Container/Container.php(864): Illuminate/Foundation/Application->resolve()
#10 C:/Users/amaya/OneDrive/Documentos/ferreteria-abrinal-web/v2-laravel/vendor/laravel/framework/src/Illuminate/Foundation/Application.php(1058): Illuminate/Container/Container->make()
#11 C:/Users/amaya/OneDrive/Documentos/ferreteria-abrinal-web/v2-laravel/vendor/laravel/framework/src/Illuminate/Foundation/helpers.php(138): Illuminate/Foundation/Application->make()
#12 C:/Users/amaya/OneDrive/Documentos/ferreteria-abrinal-web/v2-laravel/vendor/laravel/framework/src/Illuminate/Foundation/helpers.php(850): app()
#13 C:/Users/amaya/OneDrive/Documentos/ferreteria-abrinal-web/v2-laravel/vendor/laravel/framework/src/Illuminate/Foundation/Exceptions/Handler.php(987): response()
#14 C:/Users/amaya/OneDrive/Documentos/ferreteria-abrinal-web/v2-laravel/vendor/laravel/framework/src/Illuminate/Foundation/Exceptions/Handler.php(839): Illuminate/Foundation/Exceptions/Handler->toIlluminateResponse()
#15 C:/Users/amaya/OneDrive/Documentos/ferreteria-abrinal-web/v2-laravel/vendor/laravel/framework/src/Illuminate/Foundation/Exceptions/Handler.php(738): Illuminate/Foundation/Exceptions/Handler->prepareResponse()
#16 C:/Users/amaya/OneDrive/Documentos/ferreteria-abrinal-web/v2-laravel/vendor/laravel/framework/src/Illuminate/Foundation/Exceptions/Handler.php(626): Illuminate/Foundation/Exceptions/Handler->renderExceptionResponse()
#17 C:/Users/amaya/OneDrive/Documentos/ferreteria-abrinal-web/v2-laravel/vendor/laravel/framework/src/Illuminate/Foundation/Bootstrap/HandleExceptions.php(221): Illuminate/Foundation/Exceptions/Handler->render()
#18 C:/Users/amaya/OneDrive/Documentos/ferreteria-abrinal-web/v2-laravel/vendor/laravel/framework/src/Illuminate/Foundation/Bootstrap/HandleExceptions.php(198): Illuminate/Foundation/Bootstrap/HandleExceptions->renderHttpResponse()
#19 C:/Users/amaya/OneDrive/Documentos/ferreteria-abrinal-web/v2-laravel/vendor/laravel/framework/src/Illuminate/Foundation/Bootstrap/HandleExceptions.php(234): Illuminate/Foundation/Bootstrap/HandleExceptions->handleException()
#20 C:/Users/amaya/OneDrive/Documentos/ferreteria-abrinal-web/v2-laravel/vendor/laravel/framework/src/Illuminate/Foundation/Bootstrap/HandleExceptions.php(258): Illuminate/Foundation/Bootstrap/HandleExceptions->handleShutdown()
#21 [internal function]: Illuminate/Foundation/Bootstrap/HandleExceptions->{closure:Illuminate/Foundation/Bootstrap/HandleExceptions::forwardsTo():257}()
#22 {main}

[previous exception] [object] (ReflectionException(code: -1): Class \"view\" does not exist at C:/Users/amaya/OneDrive/Documentos/ferreteria-abrinal-web/v2-laravel/vendor/laravel/framework/src/Illuminate/Container/Container.php:1122)
[stacktrace]
#0 C:/Users/amaya/OneDrive/Documentos/ferreteria-abrinal-web/v2-laravel/vendor/laravel/framework/src/Illuminate/Container/Container.php(1122): ReflectionClass->__construct()
#1 C:/Users/amaya/OneDrive/Documentos/ferreteria-abrinal-web/v2-laravel/vendor/laravel/framework/src/Illuminate/Container/Container.php(933): Illuminate/Container/Container->build()
#2 C:/Users/amaya/OneDrive/Documentos/ferreteria-abrinal-web/v2-laravel/vendor/laravel/framework/src/Illuminate/Foundation/Application.php(1078): Illuminate/Container/Container->resolve()
#3 C:/Users/amaya/OneDrive/Documentos/ferreteria-abrinal-web/v2-laravel/vendor/laravel/framework/src/Illuminate/Container/Container.php(864): Illuminate/Foundation/Application->resolve()
#4 C:/Users/amaya/OneDrive/Documentos/ferreteria-abrinal-web/v2-laravel/vendor/laravel/framework/src/Illuminate/Foundation/Application.php(1058): Illuminate/Container/Container->make()
#5 C:/Users/amaya/OneDrive/Documentos/ferreteria-abrinal-web/v2-laravel/vendor/laravel/framework/src/Illuminate/Container/Container.php(1805): Illuminate/Foundation/Application->make()
#6 C:/Users/amaya/OneDrive/Documentos/ferreteria-abrinal-web/v2-laravel/vendor/laravel/framework/src/Illuminate/Routing/RoutingServiceProvider.php(177): Illuminate/Container/Container->offsetGet()
#7 C:/Users/amaya/OneDrive/Documentos/ferreteria-abrinal-web/v2-laravel/vendor/laravel/framework/src/Illuminate/Container/Container.php(1115): Illuminate/Routing/RoutingServiceProvider->{closure:Illuminate/Routing/RoutingServiceProvider::registerResponseFactory():176}()
#8 C:/Users/amaya/OneDrive/Documentos/ferreteria-abrinal-web/v2-laravel/vendor/laravel/framework/src/Illuminate/Container/Container.php(933): Illuminate/Container/Container->build()
#9 C:/Users/amaya/OneDrive/Documentos/ferreteria-abrinal-web/v2-laravel/vendor/laravel/framework/src/Illuminate/Foundation/Application.php(1078): Illuminate/Container/Container->resolve()
#10 C:/Users/amaya/OneDrive/Documentos/ferreteria-abrinal-web/v2-laravel/vendor/laravel/framework/src/Illuminate/Container/Container.php(864): Illuminate/Foundation/Application->resolve()
#11 C:/Users/amaya/OneDrive/Documentos/ferreteria-abrinal-web/v2-laravel/vendor/laravel/framework/src/Illuminate/Foundation/Application.php(1058): Illuminate/Container/Container->make()
#12 C:/Users/amaya/OneDrive/Documentos/ferreteria-abrinal-web/v2-laravel/vendor/laravel/framework/src/Illuminate/Foundation/helpers.php(138): Illuminate/Foundation/Application->make()
#13 C:/Users/amaya/OneDrive/Documentos/ferreteria-abrinal-web/v2-laravel/vendor/laravel/framework/src/Illuminate/Foundation/helpers.php(850): app()
#14 C:/Users/amaya/OneDrive/Documentos/ferreteria-abrinal-web/v2-laravel/vendor/laravel/framework/src/Illuminate/Foundation/Exceptions/Handler.php(987): response()
#15 C:/Users/amaya/OneDrive/Documentos/ferreteria-abrinal-web/v2-laravel/vendor/laravel/framework/src/Illuminate/Foundation/Exceptions/Handler.php(839): Illuminate/Foundation/Exceptions/Handler->toIlluminateResponse()
#16 C:/Users/amaya/OneDrive/Documentos/ferreteria-abrinal-web/v2-laravel/vendor/laravel/framework/src/Illuminate/Foundation/Exceptions/Handler.php(738): Illuminate/Foundation/Exceptions/Handler->prepareResponse()
#17 C:/Users/amaya/OneDrive/Documentos/ferreteria-abrinal-web/v2-laravel/vendor/laravel/framework/src/Illuminate/Foundation/Exceptions/Handler.php(626): Illuminate/Foundation/Exceptions/Handler->renderExceptionResponse()
#18 C:/Users/amaya/OneDrive/Documentos/ferreteria-abrinal-web/v2-laravel/vendor/laravel/framework/src/Illuminate/Foundation/Bootstrap/HandleExceptions.php(221): Illuminate/Foundation/Exceptions/Handler->render()
#19 C:/Users/amaya/OneDrive/Documentos/ferreteria-abrinal-web/v2-laravel/vendor/laravel/framework/src/Illuminate/Foundation/Bootstrap/HandleExceptions.php(198): Illuminate/Foundation/Bootstrap/HandleExceptions->renderHttpResponse()
#20 C:/Users/amaya/OneDrive/Documentos/ferreteria-abrinal-web/v2-laravel/vendor/laravel/framework/src/Illuminate/Foundation/Bootstrap/HandleExceptions.php(234): Illuminate/Foundation/Bootstrap/HandleExceptions->handleException()
#21 C:/Users/amaya/OneDrive/Documentos/ferreteria-abrinal-web/v2-laravel/vendor/laravel/framework/src/Illuminate/Foundation/Bootstrap/HandleExceptions.php(258): Illuminate/Foundation/Bootstrap/HandleExceptions->handleShutdown()
#22 [internal function]: Illuminate/Foundation/Bootstrap/HandleExceptions->{closure:Illuminate/Foundation/Bootstrap/HandleExceptions::forwardsTo():257}()
#23 {main}
"} 
[2026-02-24 22:33:45] local.ERROR: Maximum execution time of 30 seconds exceeded {"userId":1,"exception":"[object] (Symfony\\Component\\ErrorHandler\\Error\\FatalError(code: 0): Maximum execution time of 30 seconds exceeded at C:/Users/amaya/OneDrive/Documentos/ferreteria-abrinal-web/v2-laravel/vendor/composer/ClassLoader.php:429)
[stacktrace]
#0 {main}
"} 
[2026-02-24 22:38:58] local.ERROR: Maximum execution time of 30 seconds exceeded {"exception":"[object] (Symfony\\Component\\ErrorHandler\\Error\\FatalError(code: 0): Maximum execution time of 30 seconds exceeded at C:/Users/amaya/OneDrive/Documentos/ferreteria-abrinal-web/v2-laravel/vendor/laravel/serializable-closure/src/Signers/Hmac.php:7)
[stacktrace]
#0 {main}
"} 
[2026-02-24 22:39:02] local.ERROR: Target class [view] does not exist. {"exception":"[object] (Illuminate\\Contracts\\Container\\BindingResolutionException(code: 0): Target class [view] does not exist. at C:/Users/amaya/OneDrive/Documentos/ferreteria-abrinal-web/v2-laravel/vendor/laravel/framework/src/Illuminate/Container/Container.php:1124)
[stacktrace]
#0 C:/Users/amaya/OneDrive/Documentos/ferreteria-abrinal-web/v2-laravel/vendor/laravel/framework/src/Illuminate/Container/Container.php(933): Illuminate/Container/Container->build()
#1 C:/Users/amaya/OneDrive/Documentos/ferreteria-abrinal-web/v2-laravel/vendor/laravel/framework/src/Illuminate/Foundation/Application.php(1078): Illuminate/Container/Container->resolve()
#2 C:/Users/amaya/OneDrive/Documentos/ferreteria-abrinal-web/v2-laravel/vendor/laravel/framework/src/Illuminate/Container/Container.php(864): Illuminate/Foundation/Application->resolve()
#3 C:/Users/amaya/OneDrive/Documentos/ferreteria-abrinal-web/v2-laravel/vendor/laravel/framework/src/Illuminate/Foundation/Application.php(1058): Illuminate/Container/Container->make()
#4 C:/Users/amaya/OneDrive/Documentos/ferreteria-abrinal-web/v2-laravel/vendor/laravel/framework/src/Illuminate/Container/Container.php(1805): Illuminate/Foundation/Application->make()
#5 C:/Users/amaya/OneDrive/Documentos/ferreteria-abrinal-web/v2-laravel/vendor/laravel/framework/src/Illuminate/Routing/RoutingServiceProvider.php(177): Illuminate/Container/Container->offsetGet()
#6 C:/Users/amaya/OneDrive/Documentos/ferreteria-abrinal-web/v2-laravel/vendor/laravel/framework/src/Illuminate/Container/Container.php(1115): Illuminate/Routing/RoutingServiceProvider->{closure:Illuminate/Routing/RoutingServiceProvider::registerResponseFactory():176}()
#7 C:/Users/amaya/OneDrive/Documentos/ferreteria-abrinal-web/v2-laravel/vendor/laravel/framework/src/Illuminate/Container/Container.php(933): Illuminate/Container/Container->build()
#8 C:/Users/amaya/OneDrive/Documentos/ferreteria-abrinal-web/v2-laravel/vendor/laravel/framework/src/Illuminate/Foundation/Application.php(1078): Illuminate/Container/Container->resolve()
#9 C:/Users/amaya/OneDrive/Documentos/ferreteria-abrinal-web/v2-laravel/vendor/laravel/framework/src/Illuminate/Container/Container.php(864): Illuminate/Foundation/Application->resolve()
#10 C:/Users/amaya/OneDrive/Documentos/ferreteria-abrinal-web/v2-laravel/vendor/laravel/framework/src/Illuminate/Foundation/Application.php(1058): Illuminate/Container/Container->make()
#11 C:/Users/amaya/OneDrive/Documentos/ferreteria-abrinal-web/v2-laravel/vendor/laravel/framework/src/Illuminate/Foundation/helpers.php(138): Illuminate/Foundation/Application->make()
#12 C:/Users/amaya/OneDrive/Documentos/ferreteria-abrinal-web/v2-laravel/vendor/laravel/framework/src/Illuminate/Foundation/helpers.php(850): app()
#13 C:/Users/amaya/OneDrive/Documentos/ferreteria-abrinal-web/v2-laravel/vendor/laravel/framework/src/Illuminate/Foundation/Exceptions/Handler.php(987): response()
#14 C:/Users/amaya/OneDrive/Documentos/ferreteria-abrinal-web/v2-laravel/vendor/laravel/framework/src/Illuminate/Foundation/Exceptions/Handler.php(839): Illuminate/Foundation/Exceptions/Handler->toIlluminateResponse()
#15 C:/Users/amaya/OneDrive/Documentos/ferreteria-abrinal-web/v2-laravel/vendor/laravel/framework/src/Illuminate/Foundation/Exceptions/Handler.php(738): Illuminate/Foundation/Exceptions/Handler->prepareResponse()
#16 C:/Users/amaya/OneDrive/Documentos/ferreteria-abrinal-web/v2-laravel/vendor/laravel/framework/src/Illuminate/Foundation/Exceptions/Handler.php(626): Illuminate/Foundation/Exceptions/Handler->renderExceptionResponse()
#17 C:/Users/amaya/OneDrive/Documentos/ferreteria-abrinal-web/v2-laravel/vendor/laravel/framework/src/Illuminate/Foundation/Bootstrap/HandleExceptions.php(221): Illuminate/Foundation/Exceptions/Handler->render()
#18 C:/Users/amaya/OneDrive/Documentos/ferreteria-abrinal-web/v2-laravel/vendor/laravel/framework/src/Illuminate/Foundation/Bootstrap/HandleExceptions.php(198): Illuminate/Foundation/Bootstrap/HandleExceptions->renderHttpResponse()
#19 C:/Users/amaya/OneDrive/Documentos/ferreteria-abrinal-web/v2-laravel/vendor/laravel/framework/src/Illuminate/Foundation/Bootstrap/HandleExceptions.php(234): Illuminate/Foundation/Bootstrap/HandleExceptions->handleException()
#20 C:/Users/amaya/OneDrive/Documentos/ferreteria-abrinal-web/v2-laravel/vendor/laravel/framework/src/Illuminate/Foundation/Bootstrap/HandleExceptions.php(258): Illuminate/Foundation/Bootstrap/HandleExceptions->handleShutdown()
#21 [internal function]: Illuminate/Foundation/Bootstrap/HandleExceptions->{closure:Illuminate/Foundation/Bootstrap/HandleExceptions::forwardsTo():257}()
#22 {main}

[previous exception] [object] (ReflectionException(code: -1): Class \"view\" does not exist at C:/Users/amaya/OneDrive/Documentos/ferreteria-abrinal-web/v2-laravel/vendor/laravel/framework/src/Illuminate/Container/Container.php:1122)
[stacktrace]
#0 C:/Users/amaya/OneDrive/Documentos/ferreteria-abrinal-web/v2-laravel/vendor/laravel/framework/src/Illuminate/Container/Container.php(1122): ReflectionClass->__construct()
#1 C:/Users/amaya/OneDrive/Documentos/ferreteria-abrinal-web/v2-laravel/vendor/laravel/framework/src/Illuminate/Container/Container.php(933): Illuminate/Container/Container->build()
#2 C:/Users/amaya/OneDrive/Documentos/ferreteria-abrinal-web/v2-laravel/vendor/laravel/framework/src/Illuminate/Foundation/Application.php(1078): Illuminate/Container/Container->resolve()
#3 C:/Users/amaya/OneDrive/Documentos/ferreteria-abrinal-web/v2-laravel/vendor/laravel/framework/src/Illuminate/Container/Container.php(864): Illuminate/Foundation/Application->resolve()
#4 C:/Users/amaya/OneDrive/Documentos/ferreteria-abrinal-web/v2-laravel/vendor/laravel/framework/src/Illuminate/Foundation/Application.php(1058): Illuminate/Container/Container->make()
#5 C:/Users/amaya/OneDrive/Documentos/ferreteria-abrinal-web/v2-laravel/vendor/laravel/framework/src/Illuminate/Container/Container.php(1805): Illuminate/Foundation/Application->make()
#6 C:/Users/amaya/OneDrive/Documentos/ferreteria-abrinal-web/v2-laravel/vendor/laravel/framework/src/Illuminate/Routing/RoutingServiceProvider.php(177): Illuminate/Container/Container->offsetGet()
#7 C:/Users/amaya/OneDrive/Documentos/ferreteria-abrinal-web/v2-laravel/vendor/laravel/framework/src/Illuminate/Container/Container.php(1115): Illuminate/Routing/RoutingServiceProvider->{closure:Illuminate/Routing/RoutingServiceProvider::registerResponseFactory():176}()
#8 C:/Users/amaya/OneDrive/Documentos/ferreteria-abrinal-web/v2-laravel/vendor/laravel/framework/src/Illuminate/Container/Container.php(933): Illuminate/Container/Container->build()
#9 C:/Users/amaya/OneDrive/Documentos/ferreteria-abrinal-web/v2-laravel/vendor/laravel/framework/src/Illuminate/Foundation/Application.php(1078): Illuminate/Container/Container->resolve()
#10 C:/Users/amaya/OneDrive/Documentos/ferreteria-abrinal-web/v2-laravel/vendor/laravel/framework/src/Illuminate/Container/Container.php(864): Illuminate/Foundation/Application->resolve()
#11 C:/Users/amaya/OneDrive/Documentos/ferreteria-abrinal-web/v2-laravel/vendor/laravel/framework/src/Illuminate/Foundation/Application.php(1058): Illuminate/Container/Container->make()
#12 C:/Users/amaya/OneDrive/Documentos/ferreteria-abrinal-web/v2-laravel/vendor/laravel/framework/src/Illuminate/Foundation/helpers.php(138): Illuminate/Foundation/Application->make()
#13 C:/Users/amaya/OneDrive/Documentos/ferreteria-abrinal-web/v2-laravel/vendor/laravel/framework/src/Illuminate/Foundation/helpers.php(850): app()
#14 C:/Users/amaya/OneDrive/Documentos/ferreteria-abrinal-web/v2-laravel/vendor/laravel/framework/src/Illuminate/Foundation/Exceptions/Handler.php(987): response()
#15 C:/Users/amaya/OneDrive/Documentos/ferreteria-abrinal-web/v2-laravel/vendor/laravel/framework/src/Illuminate/Foundation/Exceptions/Handler.php(839): Illuminate/Foundation/Exceptions/Handler->toIlluminateResponse()
#16 C:/Users/amaya/OneDrive/Documentos/ferreteria-abrinal-web/v2-laravel/vendor/laravel/framework/src/Illuminate/Foundation/Exceptions/Handler.php(738): Illuminate/Foundation/Exceptions/Handler->prepareResponse()
#17 C:/Users/amaya/OneDrive/Documentos/ferreteria-abrinal-web/v2-laravel/vendor/laravel/framework/src/Illuminate/Foundation/Exceptions/Handler.php(626): Illuminate/Foundation/Exceptions/Handler->renderExceptionResponse()
#18 C:/Users/amaya/OneDrive/Documentos/ferreteria-abrinal-web/v2-laravel/vendor/laravel/framework/src/Illuminate/Foundation/Bootstrap/HandleExceptions.php(221): Illuminate/Foundation/Exceptions/Handler->render()
#19 C:/Users/amaya/OneDrive/Documentos/ferreteria-abrinal-web/v2-laravel/vendor/laravel/framework/src/Illuminate/Foundation/Bootstrap/HandleExceptions.php(198): Illuminate/Foundation/Bootstrap/HandleExceptions->renderHttpResponse()
#20 C:/Users/amaya/OneDrive/Documentos/ferreteria-abrinal-web/v2-laravel/vendor/laravel/framework/src/Illuminate/Foundation/Bootstrap/HandleExceptions.php(234): Illuminate/Foundation/Bootstrap/HandleExceptions->handleException()
#21 C:/Users/amaya/OneDrive/Documentos/ferreteria-abrinal-web/v2-laravel/vendor/laravel/framework/src/Illuminate/Foundation/Bootstrap/HandleExceptions.php(258): Illuminate/Foundation/Bootstrap/HandleExceptions->handleShutdown()
#22 [internal function]: Illuminate/Foundation/Bootstrap/HandleExceptions->{closure:Illuminate/Foundation/Bootstrap/HandleExceptions::forwardsTo():257}()
#23 {main}
"} 
